timestamp,symbol,positive_news,negative_news,return_1d,return_5d,return_10d,return_20d,sma_5,sma_20,std_10,std_20,distance_from_sma_20,rsi_14,momentum_5,momentum_10,volume_change,volume_zscore,future_return_5d,sentiment_1d,sentiment_3d_mean,sentiment_7d_mean,sentiment_change,sentiment_zscore,positive_news_ratio,negative_news_ratio,risk_mentions,revenue_mentions,management_confidence
2024-01-01,INFY,0.0,0.3333333333333333,0.0,0.0,0.0,0.0,99.816,99.816,0.0,0.0,0.0,50.0,0.0,0.0,0.0,1.3583182543445234,0.0007984691832974011,0.0,-0.3333,-0.3333,0.0,-1.50588936033948,0.0,0.3333333333333333,1.0,0.0,-0.3333
2024-01-02,INFY,0.0,0.25,-0.0011731586118458592,0.0,0.0,0.0,99.75745,99.75745,0.08280220407695522,0.08280220407695522,-0.0005869235831510444,50.0,0.0,0.0,-0.02083333333333337,0.7379635806191458,0.004137457885693863,-0.3333,-0.29164999999999996,-0.29164999999999996,0.08329999999999999,-1.1223376596323138,0.0,0.29166666666666663,1.0,0.0,-0.29164999999999996
2024-01-03,INFY,0.0,0.16666666666666666,-0.000506525147218273,0.0,0.0,0.0,99.72109999999999,99.72109999999999,0.08597714812670802,0.08597714812670802,-0.0007290332738005834,50.0,0.0,0.0,0.0,0.7379635806191458,0.002797837195579689,-0.25,-0.25,-0.25,0.08330000000000001,-0.7387859589251476,0.0,0.25,0.6666666666666666,0.0,-0.25
2024-01-04,INFY,0.0,0.08333333333333333,0.00015956101653413768,0.0,0.0,0.0,99.70689999999999,99.70689999999999,0.07572718578336451,0.07572718578336451,-0.000427252276422152,50.0,0.0,0.0,0.01914893617021285,1.2962827869719857,0.0014619076238935325,-0.1667,-0.16666666666666666,-0.20832499999999998,0.08339999999999999,-0.3547738119986452,0.0,0.20833333333333331,0.3333333333333333,0.0,-0.20832499999999998
2024-01-05,INFY,0.0,-0.0,0.0008267754853041875,0.0,0.0,0.0,99.71486,99.71486,0.0679541242309926,0.0679541242309926,0.0003193104819081416,50.0,0.0,0.0,0.039665970772442494,2.474956667050203,0.00012732250791258615,-0.0833,-0.08333333333333333,-0.16665999999999997,0.0833,0.02877788870852087,0.0,0.16666666666666666,0.0,0.0,-0.16665999999999997
2024-01-06,INFY,0.08333333333333333,0.0,0.001493783754249467,0.0007984691832974011,0.0,0.0,99.7308,99.745,0.0956280711925168,0.0956280711925168,0.001510852674319496,50.0,0.0007984691832974011,0.0,-0.04016064257028118,1.234247319599448,-0.0012042560390487234,0.0,0.0,-0.125,0.0833,0.412329589415687,0.016666666666666666,0.1,0.0,0.0,-0.08334
2024-01-07,INFY,0.16666666666666666,0.0,0.0021592520999402787,0.004137457885693863,0.0,0.0,99.8133,99.79734285714287,0.16370409134719274,0.16370409134719274,0.003146948945391248,50.0,0.004137457885693863,0.0,-0.02092050209205021,0.6138926458740703,-0.0025321791524242077,0.0833,0.08333333333333333,-0.08332857142857142,0.08339999999999999,0.7963417363421894,0.05,0.05,0.0,0.3333333333333333,0.0
2024-01-08,INFY,0.25,0.0,-0.0018399502953709845,0.002797837195579689,0.0,0.0,99.86906,99.813575,0.15836178967342918,0.15836178967342918,0.001138372210393257,50.0,0.002797837195579689,0.0,0.0,0.6138926458740703,0.0007985813672353181,0.1667,0.16666666666666666,0.0,0.08330000000000001,1.1798934370493555,0.1,0.016666666666666666,0.0,0.6666666666666666,0.08334
2024-01-09,INFY,0.3333333333333333,0.0,-0.0011728538375936903,0.0014619076238935325,0.0,0.0,99.8982,99.81317777777778,0.1481386831467205,0.1481386831467205,-3.1837256848521456e-05,50.0,0.0014619076238935325,0.0,0.019230769230769162,1.17221185222691,0.0041378619376815085,0.25,0.25,0.08332857142857142,0.08329999999999999,1.5634451377565215,0.16666666666666666,0.0,0.0,1.0,0.16665999999999997
2024-01-10,INFY,0.0,0.3333333333333333,-0.000506963230137325,0.00012732250791258615,0.0,0.0,99.90074,99.8078,0.140698021781877,0.140698021781877,-0.0004849320393797152,50.0,0.00012732250791258615,0.0,0.0398322851153039,2.3508857323051275,0.002798733753410776,0.3333,0.0833333333333333,0.059528571428571424,-0.6666,-1.50588936033948,0.16666666666666666,0.06666666666666667,0.3333333333333333,0.6666666666666666,0.1
2024-01-11,INFY,0.0,0.25,0.0001603858884475784,-0.0012042560390487234,-0.0004067484170874325,0.0,99.87668,99.80485454545455,0.1410205201774246,0.1338348711183784,-0.0002951213704852629,50.0,-0.0012042560390487234,-0.0004067484170874325,-0.040322580645161255,1.1101763848543724,0.0014612820394606096,-0.3333,-0.08333333333333336,0.03571428571428571,0.08329999999999999,-1.1223376596323138,0.14999999999999997,0.11666666666666665,0.6666666666666666,0.3333333333333333,0.03334
2024-01-12,INFY,0.0,0.16666666666666666,0.0008268571210938713,-0.0025321791524242077,0.001594801948667568,0.0,99.82598,99.809275,0.1367864775642828,0.1285220400270995,0.00048717917247675935,50.0,-0.0025321791524242077,0.001594801948667568,-0.021008403361344574,0.4898217111289948,0.00012718072380857315,-0.25,-0.25,0.011900000000000003,0.08330000000000001,-0.7387859589251476,0.11666666666666665,0.15,0.6666666666666666,0.0,-0.033339999999999995
2024-01-13,INFY,0.0,0.08333333333333333,0.0014931217259726015,0.0007985813672353181,0.0035986528634679438,0.0,99.84194,99.82448461538462,0.1338805852657827,0.13471727089324073,0.0018283629043376326,50.0,0.0007985813672353181,0.0035986528634679438,0.0,0.4898217111289948,-0.001204915655904193,-0.1667,-0.16666666666666666,-0.011899999999999999,0.08339999999999999,-0.3547738119986452,0.06666666666666665,0.16666666666666666,0.3333333333333333,0.0,-0.09999999999999999
2024-01-14,INFY,0.0,-0.0,0.002159848810583176,0.0041378619376815085,0.005605818733488421,0.0,99.92454000000001,99.85294999999999,0.15937389337304214,0.16762034367994574,0.00370594959888515,50.0,0.0041378619376815085,0.005605818733488421,0.0193133047210301,1.0481409174818346,-0.00253335062809934,-0.0833,-0.08333333333333336,-0.03571428571428571,0.0833,0.02877788870852087,0.0,0.16666666666666666,0.0,0.0,-0.16665999999999997
2024-01-15,INFY,0.08333333333333333,0.0,-0.0018398970296239492,0.002798733753410776,0.0029264126031236515,0.0,99.98038,99.86532666666668,0.1524434481664588,0.16848563510903045,0.0017350700099514338,38.19230314739198,0.002798733753410776,0.0029264126031236515,0.040000000000000036,2.226814797560052,0.0007976920908527863,0.0,-1.850371707708594e-17,-0.05952857142857143,0.0833,0.412329589415687,0.016666666666666656,0.1,0.0,0.0,-0.08334
2024-01-16,INFY,0.16666666666666666,0.0,-0.0011735470108538149,0.0014612820394606096,0.0002552662426911212,0.0,100.00953999999999,99.86881875,0.1518216823191372,0.1633708346829326,0.0005245005463729857,35.54785249347482,0.0014612820394606096,0.0002552662426911212,-0.04048582995951422,0.9861054501092968,0.004138260949628325,0.0833,0.08333333333333331,-0.08332857142857142,0.08339999999999999,0.7963417363421894,0.04999999999999999,0.05,0.0,0.3333333333333333,5.551115123125783e-18
2024-01-17,INFY,0.25,0.0,-0.0005063990424454268,0.00012718072380857315,-0.0024053204729931332,0.0,100.01208,99.86892352941176,0.14086483710751085,0.15818372043849174,1.6786709308380665e-05,34.44096857357101,0.00012718072380857315,-0.0024053204729931332,-0.020042194092827037,0.3967685100701882,0.0027986214161124234,0.1667,0.16666666666666663,7.93016446160826e-18,0.08330000000000001,1.1798934370493555,0.09999999999999998,0.016666666666666666,0.0,0.6666666666666666,0.08334
2024-01-18,INFY,0.3333333333333333,0.0,0.0001592060125803485,-0.001204915655904193,-0.0004072965118606664,0.0,99.98798000000001,99.8699,0.14119014916846956,0.15351665937571937,0.00016621624733770268,35.124565777179825,-0.001204915655904193,-0.0004072965118606664,0.0,0.3967685100701882,0.0014616589829457016,0.25,0.25,0.08332857142857143,0.08329999999999999,1.5634451377565215,0.16666666666666666,0.0,0.0,1.0,0.16665999999999997
2024-01-19,INFY,0.0,0.3333333333333333,0.0008269385752830427,-0.00253335062809934,0.001594028654443358,0.0,99.93719999999999,99.87512105263158,0.1369489690034312,0.15091717956454667,0.000940964540297129,38.70052151755965,-0.00253335062809934,0.001594028654443358,0.019375672766415608,0.955087716423028,0.00012803956422535734,0.3333,0.0833333333333333,0.05952857142857143,-0.6666,-1.50588936033948,0.16666666666666666,0.06666666666666667,0.3333333333333333,0.6666666666666666,0.1
2024-01-20,INFY,0.0,0.25,0.001493461479597169,0.0007976920908527863,0.0035986583720430954,0.0,99.95316,99.88728499999999,0.1340284468146398,0.15664128068867286,0.002313757952275841,44.64029728531449,0.0007976920908527863,0.0035986583720430954,0.03907074973600855,2.1027438628149766,-0.001203574967238663,-0.3333,-0.08333333333333336,0.03571428571428571,0.08329999999999999,-1.1223376596323138,0.14999999999999997,0.11666666666666665,0.6666666666666666,0.3333333333333333,0.03334
2024-01-21,INFY,0.0,0.16666666666666666,0.0021604420366285737,0.004138260949628325,0.005605590155489226,0.005196561673479261,100.03586,99.91322,0.15956224142595515,0.1846532272011176,0.00421846078026511,51.91047683247738,0.004138260949628325,0.005605590155489226,-0.04065040650406504,0.8620345153642214,-0.0025335203075306234,-0.25,-0.25,0.01190000000000001,0.08330000000000001,-0.7387859589251476,0.11666666666666665,0.15,0.6666666666666666,0.0,-0.033339999999999995
2024-01-22,INFY,0.0,0.08333333333333333,-0.001839842048663165,0.0027986214161124234,0.0029261580706183565,0.004525626661878945,100.09176,99.93578,0.15263413627213104,0.1846532272011176,0.0021445772475083835,46.3196445307366,0.0027986214161124234,0.0029261580706183565,-0.0201271186440678,0.2726975753251127,0.0007978024984498511,-0.1667,-0.16666666666666666,-0.011899999999999992,0.08339999999999999,-0.3547738119986452,0.06666666666666665,0.16666666666666666,0.3333333333333333,0.0,-0.09999999999999999
2024-01-23,INFY,0.0,-0.0,-0.001174237469558137,0.0014616589829457016,0.0002549821512494166,0.0038545526069662106,100.12096,99.954985,0.15201203205296854,0.1727837598210342,0.0007754990909158987,43.13260504215097,0.0014616589829457016,0.0002549821512494166,0.0,0.2726975753251127,0.004138654937145381,-0.0833,-0.08333333333333336,-0.035714285714285705,0.0833,0.02877788870852087,0.0,0.16666666666666666,0.0,0.0,-0.16665999999999997
2024-01-24,INFY,0.08333333333333333,0.0,-0.0005058356034288725,0.00012803956422535734,-0.002405635432984443,0.003186697744327782,100.12352,99.97086499999999,0.14103586777832558,0.15868099171475156,0.00011038215984227051,41.79992585095653,0.00012803956422535734,-0.002405635432984443,0.019459459459459483,0.8310167816779525,0.0027975063486491702,0.0,-1.850371707708594e-17,-0.05952857142857142,0.0833,0.412329589415687,0.016666666666666656,0.1,0.0,0.0,-0.08334
2024-01-25,INFY,0.16666666666666666,0.0,0.00016002896524280885,-0.001203574967238663,-0.00040684295861803665,0.002518379054144093,100.09942,99.983425,0.14135854688614827,0.14969079666185678,0.00014477399628987087,42.40589720498105,-0.001203574967238663,-0.00040684295861803665,0.03923647932131491,1.978672928069901,0.0014610306816442709,0.0833,0.08333333333333331,-0.08332857142857142,0.08339999999999999,0.7963417363421894,0.04999999999999999,0.05,0.0,0.3333333333333333,5.551115123125783e-18
2024-01-26,INFY,0.25,0.0,0.0008260173463643383,-0.0025335203075306234,0.0015942562739439392,0.0018499294764438012,100.04857999999999,99.992665,0.1371120044991036,0.1496943703016196,0.0008784144316984488,45.55736203464969,-0.0025335203075306234,0.0015942562739439392,-0.04081632653061229,0.7379635806191458,0.00012789704288040937,0.1667,0.16666666666666663,7.93016446160826e-18,0.08330000000000001,1.1798934370493555,0.09999999999999998,0.016666666666666666,0.0,0.6666666666666666,0.08334
2024-01-27,INFY,0.3333333333333333,0.0,0.0014937974930182563,0.0007978024984498511,0.003598656661720323,0.0011846802661834577,100.06456,99.998595,0.134200672294987,0.15682479152493986,0.002314082512859361,50.804316279695385,0.0007978024984498511,0.003598656661720323,-0.02021276595744681,0.1486266405800372,-0.0012042302703780816,0.25,0.25,0.08332857142857143,0.08329999999999999,1.5634451377565215,0.16666666666666666,0.0,0.0,1.0,0.16665999999999997
2024-01-28,INFY,0.0,0.3333333333333333,0.002160031926568884,0.004138654937145381,0.005606363222257382,0.0051967832582120455,100.14736,100.02456,0.15974604289997738,0.18486471696607532,0.004218363969809014,57.232436841139,0.004138654937145381,0.005606363222257382,0.0,0.1486266405800372,-0.002533687087155956,0.3333,0.0833333333333333,0.05952857142857143,-0.6666,-1.50588936033948,0.16666666666666666,0.06666666666666667,0.3333333333333333,0.6666666666666666,0.1
2024-01-29,INFY,0.0,0.25,-0.001840780913222484,0.0027975063486491702,0.0029259041043683265,0.004524596733794128,100.2033,100.04714,0.1527924187327356,0.1848582882557425,0.002143589511904187,51.092323853528704,0.0027975063486491702,0.0029259041043683265,0.019543973941368087,0.706945846932877,0.0007989100513057235,-0.3333,-0.08333333333333336,0.03571428571428571,0.08329999999999999,-1.1223376596323138,0.14999999999999997,0.11666666666666665,0.6666666666666666,0.3333333333333333,0.03334
2024-01-30,INFY,0.0,0.16666666666666666,-0.001172931610905814,0.0014610306816442709,0.00025569725445073743,0.003855275793559265,100.23252,100.06637,0.15216767834632455,0.17297259320482608,0.000775785111421623,47.59488972156586,0.0014610306816442709,0.00025569725445073743,0.03940362087326954,1.8546019933248254,0.004138041220642208,-0.25,-0.25,0.01190000000000001,0.08330000000000001,-0.7387859589251476,0.11666666666666665,0.15,0.6666666666666666,0.0,-0.033339999999999995
2024-01-31,INFY,0.0,0.08333333333333333,-0.0005062709698034906,0.00012789704288040937,-0.002405947294405575,0.0031861561066153232,100.23508,100.082265,0.1411770917047133,0.15885768299761766,0.00011025929519070665,46.128830045862905,0.00012789704288040937,-0.002405947294405575,-0.040983606557377095,0.6138926458740703,0.002798389102967036,-0.1667,-0.16666666666666666,-0.011899999999999992,0.08339999999999999,-0.3547738119986452,0.06666666666666665,0.16666666666666666,0.3333333333333333,0.0,-0.09999999999999999
2024-02-01,INFY,0.0,-0.0,0.0001598508591484915,-0.0012042302703780816,-0.0004073885098466734,0.0025175774775956228,100.21094000000001,100.094835,0.1415007204535295,0.14986145276994883,0.0001445129511428167,46.68694238115634,-0.0012042302703780816,-0.0004073885098466734,-0.020299145299145338,0.024555705834961684,0.0014614026868631225,-0.0833,-0.08333333333333336,-0.035714285714285705,0.0833,0.02877788870852087,0.0,0.16666666666666666,0.0,0.0,-0.16665999999999997
2024-02-02,INFY,0.08333333333333333,0.0,0.0008260970758959818,-0.002533687087155956,0.0015944817934170352,0.0018498705090641554,100.16004000000001,100.104085,0.13724412960520105,0.14986405163910566,0.0008782358881758157,49.593772296583865,-0.002533687087155956,0.0015944817934170352,0.0,0.024555705834961684,0.00012775471095505253,0.0,-1.850371707708594e-17,-0.05952857142857142,0.0833,0.412329589415687,0.016666666666666656,0.1,0.0,0.0,-0.08334
2024-02-03,INFY,0.16666666666666666,0.0,0.0014941312679657148,0.0007989100513057235,0.0035986513558954325,0.0011843588796982552,100.17606,100.11001999999999,0.13433238874762754,0.1570016882242602,0.002314253857905735,54.43664143121035,0.0007989100513057235,0.0035986513558954325,0.019629225736095934,0.5828749121878015,-0.0012048829150792528,0.0833,0.08333333333333331,-0.08332857142857142,0.08339999999999999,0.7963417363421894,0.04999999999999999,0.05,0.0,0.3333333333333333,5.551115123125783e-18
2024-02-04,INFY,0.25,0.0,0.0021596205764902177,0.004138041220642208,0.005605117707471852,0.005195994346182342,100.25894000000001,100.13601,0.15991857685146604,0.18507114961835222,0.0042181628766715384,60.37194680230847,0.004138041220642208,0.005605117707471852,0.039572192513368964,1.73053105857975,-0.0025328565291412586,0.1667,0.16666666666666663,7.93016446160826e-18,0.08330000000000001,1.1798934370493555,0.09999999999999998,0.016666666666666666,0.0,0.6666666666666666,0.08334
2024-02-05,INFY,0.3333333333333333,0.0,-0.001839726964629529,0.002798389102967036,0.0029266440515385295,0.0045255661461232055,100.31496000000001,100.15862,0.15296520882569015,0.1850692206204461,0.002144398555012028,53.914903861779834,0.002798389102967036,0.0029266440515385295,-0.04012345679012341,0.5208394448152637,0.0007980201926007791,0.25,0.25,0.08332857142857143,0.08329999999999999,1.5634451377565215,0.16666666666666666,0.0,0.0,1.0,0.16665999999999997
2024-02-06,INFY,0.0,0.3333333333333333,-0.0011736177114654023,0.0014614026868631225,0.00025541255113226136,0.0038549883549312547,100.34421999999999,100.17787,0.15234099032535298,0.17317470065623228,0.0007759198713248594,50.23083976123623,0.0014614026868631225,0.00025541255113226136,-0.020364415862808127,-0.06849749522384495,0.00413842219287508,0.3333,0.0833333333333333,0.05952857142857143,-0.6666,-1.50588936033948,0.16666666666666666,0.06666666666666667,0.3333333333333333,0.6666666666666666,0.1
2024-02-07,INFY,0.0,0.25,-0.0005067048623716985,0.00012775471095505253,-0.002406256066662338,0.00318661681007959,100.34678,100.193785,0.14133925655818494,0.1590370803336767,0.00010993695866456932,48.68585483016115,0.00012775471095505253,-0.002406256066662338,0.0,-0.06849749522384495,0.002798269144791421,-0.3333,-0.08333333333333336,0.03571428571428571,0.08329999999999999,-1.1223376596323138,0.14999999999999997,0.11666666666666665,0.6666666666666666,0.3333333333333333,0.03334
2024-02-08,INFY,0.0,0.16666666666666666,0.0001596729897168636,-0.0012048829150792528,-0.0004069354568448924,0.0025177779934000277,100.3226,100.20636999999999,0.14166507489293342,0.15002488951401388,0.00014400282137749798,49.21567012199557,-0.0012048829150792528,-0.0004069354568448924,0.01969365426695835,0.4898217111289948,0.0014617724065264515,-0.25,-0.25,0.01190000000000001,0.08330000000000001,-0.7387859589251476,0.11666666666666665,0.15,0.6666666666666666,0.0,-0.033339999999999995
2024-02-09,INFY,0.0,0.08333333333333333,0.0008271736006897346,-0.0025328565291412586,0.0015947036267773829,0.0018508086425672587,100.27166,100.215635,0.1374094530145362,0.1500279773032089,0.0008787550964477475,51.982040482992154,-0.0025328565291412586,0.0015947036267773829,0.03969957081545061,1.6374778575209432,0.00012761244101655578,-0.1667,-0.16666666666666666,-0.011899999999999992,0.08339999999999999,-0.3547738119986452,0.06666666666666665,0.16666666666666666,0.3333333333333333,0.0,-0.09999999999999999
2024-02-10,INFY,0.0,-0.0,0.0014934643487727328,0.0007980201926007791,0.0035986424665788164,0.0011840370280671308,100.28768,100.221575,0.13449207163736351,0.15717189676143528,0.0023141224831080276,56.58428338712674,0.0007980201926007791,0.0035986424665788164,-0.04024767801857587,0.4277862437564571,-0.0012045374227876993,-0.0833,-0.08333333333333336,-0.035714285714285705,0.0833,0.02877788870852087,0.0,0.16666666666666666,0.0,0.0,-0.16665999999999997
2024-02-11,INFY,0.08333333333333333,0.0,0.002160203477230782,0.00413842219287508,0.005605872781050403,0.005196200503045034,100.37066000000002,100.247595,0.16011131683224222,0.18527948582730402,0.004218604945086302,62.23142907420424,0.00413842219287508,0.005605872781050403,-0.02043010752688168,-0.16155069628265156,-0.002533016126869403,0.0,-1.850371707708594e-17,-0.05952857142857142,0.0833,0.412329589415687,0.016666666666666656,0.1,0.0,0.0,-0.08334
2024-02-12,INFY,0.16666666666666666,0.0,-0.0018406583855250513,0.002798269144791421,0.0029263813478124234,0.004525529203009082,100.42674000000001,100.27023,0.15314347085867963,0.18527144836416895,0.0021439065214072794,55.58292711724171,0.002798269144791421,0.0029263813478124234,0.0,-0.16155069628265156,0.0007981274854405029,0.0833,0.08333333333333331,-0.08332857142857142,0.08339999999999999,0.7963417363421894,0.04999999999999999,0.05,0.0,0.3333333333333333,5.551115123125783e-18
2024-02-13,INFY,0.25,0.0,-0.001173307113883526,0.0014617724065264515,0.00025512822684881087,0.0038546977002837934,100.45604,100.2895,0.15251923594520755,0.1733639949264307,0.00077575419161513,51.79155797226476,0.0014617724065264515,0.00025512822684881087,0.019758507135016368,0.3967685100701882,0.004137801853790979,0.1667,0.16666666666666663,7.93016446160826e-18,0.08330000000000001,1.1798934370493555,0.09999999999999998,0.016666666666666666,0.0,0.6666666666666666,0.08334
2024-02-14,INFY,0.3333333333333333,0.0,-0.0005061409443114506,0.00012761244101655578,-0.002405567312129042,0.003186066907405083,100.4586,100.30543,0.14150861811203147,0.1592200665084548,0.00011036291853794289,50.20258919183511,0.00012761244101655578,-0.002405567312129042,0.03982777179763186,1.5444246564621367,0.002798143874636727,0.25,0.25,0.08332857142857143,0.08329999999999999,1.5634451377565215,0.16666666666666666,0.0,0.0,1.0,0.16665999999999997
2024-02-15,INFY,0.0,0.3333333333333333,0.00015949519769908882,-0.0012045374227876993,-0.0004074784753730354,0.0025179730317095306,100.43440000000001,100.31803,0.14183372267858482,0.15019875288573625,0.00014424126949075244,50.71546008144593,-0.0012045374227876993,-0.0004074784753730354,-0.04037267080745344,0.3347330426976505,0.0014621383898538731,0.3333,0.0833333333333333,0.05952857142857143,-0.6666,-1.50588936033948,0.16666666666666666,0.06666666666666667,0.3333333333333333,0.6666666666666666,0.1
2024-02-16,INFY,0.0,0.25,0.0008272493957590665,-0.002533016126869403,0.0015949233758512094,0.0018507432904319998,100.38340000000001,100.327305,0.1375753292643668,0.15020411542126044,0.0008790727509324636,53.396846382296474,-0.002533016126869403,0.0015949233758512094,-0.02049622437971954,-0.2546038973414582,0.00012647449845903935,-0.3333,-0.08333333333333336,0.03571428571428571,0.08329999999999999,-1.1223376596323138,0.14999999999999997,0.11666666666666665,0.6666666666666666,0.3333333333333333,0.03334
2024-02-17,INFY,0.0,0.16666666666666666,0.0014927974266920607,0.0007981274854405029,0.0035986300057482268,0.0011837147138027415,100.39944,100.33324999999999,0.13464339279072898,0.15735296729264142,0.0023137892971671903,57.856373487060274,0.0007981274854405029,0.0035986300057482268,0.0,-0.2546038973414582,-0.00120419150125195,-0.25,-0.25,0.01190000000000001,0.08330000000000001,-0.7387859589251476,0.11666666666666665,0.15,0.6666666666666666,0.0,-0.033339999999999995
2024-02-18,INFY,0.0,0.08333333333333333,0.002159788555507136,0.004137801853790979,0.005605622784891073,0.0051964062013771795,100.48249999999999,100.35929999999999,0.16026362344579076,0.18547929661742416,0.004217845281902166,63.33166847569437,0.004137801853790979,0.005605622784891073,0.01982378854625555,0.30371530901138155,-0.002533175369557883,-0.1667,-0.16666666666666666,-0.011899999999999992,0.08339999999999999,-0.3547738119986452,0.06666666666666665,0.16666666666666666,0.3333333333333333,0.0,-0.09999999999999999
2024-02-19,INFY,0.0,-0.0,-0.0018396032648493321,0.002798143874636727,0.002926113393623586,0.004525483304042233,100.53864000000002,100.38195999999999,0.15329647962898357,0.18547543857826665,0.0021442099755772936,56.57496994574626,0.002798143874636727,0.002926113393623586,0.03995680345572361,1.45137145540333,0.0007982329528057885,-0.0833,-0.08333333333333336,-0.035714285714285705,0.0833,0.02877788870852087,0.0,0.16666666666666666,0.0,0.0,-0.16665999999999997
2024-02-20,INFY,0.08333333333333333,0.0,-0.001172994874608757,0.0014621383898538731,0.0002558397666581058,0.0038554029090858144,100.56798,100.40125499999999,0.1526701487957155,0.17355519514888984,0.0007763349173275369,52.71979338555324,0.0014621383898538731,0.0002558397666581058,-0.04049844236760125,0.24167984163884382,0.00413717465903396,0.0,-1.850371707708594e-17,-0.05952857142857142,0.0833,0.412329589415687,0.016666666666666656,0.1,0.0,0.0,-0.08334
2024-02-21,INFY,0.16666666666666666,0.0,-0.0005075677354119401,0.00012647449845903935,-0.0024068619903546695,0.0031855182285762673,100.57052,100.41720000000001,0.14164286231370307,0.1593919630807922,0.00010954298665954987,51.099081247654965,0.00012647449845903935,-0.0024068619903546695,-0.02056277056277056,-0.3476570984002648,0.0027990146193996868,0.0833,0.08333333333333331,-0.08332857142857142,0.08339999999999999,0.7963417363421894,0.04999999999999999,0.05,0.0,0.3333333333333333,5.551115123125783e-18
2024-02-22,INFY,0.25,0.0,0.00016031353743262144,-0.00120419150125195,-0.0004070251141462533,0.002518165122963989,100.5463,100.429815,0.1419686197720274,0.15035865289371203,0.0001442300774923133,51.60487583425218,-0.00120419150125195,-0.0004070251141462533,0.0,-0.3476570984002648,0.001461506526502676,0.1667,0.16666666666666663,7.93016446160826e-18,0.08330000000000001,1.1798934370493555,0.09999999999999998,0.016666666666666666,0.0,0.6666666666666666,0.08334
2024-02-23,INFY,0.3333333333333333,0.0,0.0008263286219327703,-0.002533175369557883,0.0015941447064931058,0.0018496796446541008,100.49524,100.43909500000001,0.13770072258333846,0.15036157640137554,0.0008781938945188195,54.233003570183136,-0.002533175369557883,0.0015941447064931058,0.019889502762430844,0.21066210795257495,0.00012832335097034964,0.25,0.25,0.08332857142857143,0.08329999999999999,1.5634451377565215,0.16666666666666666,0.0,0.0,1.0,0.16665999999999997
2024-02-24,INFY,0.0,0.3333333333333333,0.0014941214973445138,0.0007982329528057885,0.003598610398089841,0.001184386386418046,100.5113,100.44505000000001,0.13478013412787487,0.15752317958089523,0.002314200650006981,58.61310556969226,0.0007982329528057885,0.003598610398089841,0.03900325027085594,1.3273005206582544,-0.001204837227781641,0.3333,0.0833333333333333,0.05952857142857143,-0.6666,-1.50588936033948,0.16666666666666666,0.06666666666666667,0.3333333333333333,0.6666666666666666,0.1
2024-02-25,INFY,0.0,0.25,0.00215937026644486,0.00413717465903396,0.005605362170782335,0.005195599630978043,100.59443999999999,100.471125,0.16043873493217944,0.1856837545681868,0.00421787851982347,63.985667954762306,0.00413717465903396,0.005605362170782335,-0.040667361835245,0.11760890689376831,-0.0025323381062869466,-0.3333,-0.08333333333333336,0.03571428571428571,0.08329999999999999,-1.1223376596323138,0.14999999999999997,0.11666666666666665,0.6666666666666666,0.3333333333333333,0.03334
2024-02-26,INFY,0.0,0.16666666666666666,-0.001839537974664851,0.0027990146193996868,0.002925843121828864,0.0045254329932691295,100.65065999999999,100.49381000000001,0.1534712021483484,0.18568150405299075,0.0021443111769767764,57.16324530871893,0.0027990146193996868,0.002925843121828864,-0.020652173913043526,-0.47172803314534034,0.0007983373928723836,-0.25,-0.25,0.01190000000000001,0.08330000000000001,-0.7387859589251476,0.11666666666666665,0.15,0.6666666666666666,0.0,-0.033339999999999995
2024-02-27,INFY,0.0,0.08333333333333333,-0.0011736751223571096,0.001461506526502676,0.0002555550915126492,0.0038551047454811194,100.68001999999998,100.513125,0.15284427950613003,0.17374390977592016,0.0007757693336067906,53.26790239298457,0.001461506526502676,0.0002555550915126492,0.0,-0.47172803314534034,0.004138537107159612,-0.1667,-0.16666666666666666,-0.011899999999999992,0.08339999999999999,-0.3547738119986452,0.06666666666666665,0.16666666666666666,0.3333333333333333,0.0,-0.09999999999999999
2024-02-28,INFY,0.0,-0.0,-0.0005060089809137969,0.00012832335097034964,-0.0024051770841395648,0.003186963185286995,100.68260000000001,100.52909500000001,0.14180966743402562,0.15956030199801102,0.00011046553239135726,51.63610118217757,0.00012832335097034964,-0.0024051770841395648,0.019977802441731418,0.08659117320749944,0.0027978858207959867,-0.0833,-0.08333333333333336,-0.035714285714285705,0.0833,0.02877788870852087,0.0,0.16666666666666666,0.0,0.0,-0.16665999999999997
2024-02-29,INFY,0.08333333333333333,0.0,0.00015914032397001954,-0.001204837227781641,-0.0004075660157538685,0.0025173547934922436,100.65834,100.54172,0.14213599747336741,0.15052089765740545,0.00014401981585354662,52.13249835610799,-0.001204837227781641,-0.0004075660157538685,0.03917301414581065,1.203229585913179,0.0014618690841539106,0.0,-1.850371707708594e-17,-0.05952857142857142,0.0833,0.412329589415687,0.016666666666666656,0.1,0.0,0.0,-0.08334
2024-03-01,INFY,0.16666666666666666,0.0,0.0008273980122557312,-0.0025323381062869466,0.0015943598277055049,0.0018506074950099816,100.60724,100.551015,0.13787303499143114,0.15052626025490634,0.0008790065421018234,54.73424946915004,-0.0025323381062869466,0.0015943598277055049,-0.0408376963350785,-0.006462027851307192,0.00012718676780654192,0.0833,0.08333333333333331,-0.08332857142857142,0.08339999999999999,0.7963417363421894,0.04999999999999999,0.05,0.0,0.3333333333333333,5.551115123125783e-18
2024-03-02,INFY,0.25,0.0,0.0014934508751045517,0.0007983373928723836,0.0035995865703057905,0.0011840608718540757,100.62332,100.556975,0.13493869760406013,0.15769530539022786,0.0023143595956423013,59.06298901130928,0.0007983373928723836,0.0035995865703057905,-0.020742358078602585,-0.5957989678904159,-0.0012044881570238974,0.1667,0.16666666666666663,7.93016446160826e-18,0.08330000000000001,1.1798934370493555,0.09999999999999998,0.016666666666666666,0.0,0.6666666666666666,0.08334
2024-03-03,INFY,0.3333333333333333,0.0,0.0021599429306764506,0.004138537107159612,0.0056060921326546165,0.005196785198218201,100.70658,100.58308500000001,0.16063832391766644,0.18589538165609593,0.0042185522545863385,64.37682862157789,0.004138537107159612,0.0056060921326546165,0.0,-0.5957989678904159,-0.0025334777451949675,0.25,0.25,0.08332857142857143,0.08329999999999999,1.5634451377565215,0.16666666666666666,0.0,0.0,1.0,0.16665999999999997
2024-03-04,INFY,0.0,0.3333333333333333,-0.0018404592138794307,0.0027978858207959867,0.002926568205850577,0.004525378285557213,100.76284000000001,100.605795,0.15364675069771172,0.185890237774913,0.002144061383342777,57.5116225669916,0.0027978858207959867,0.002926568205850577,0.018952062430323213,-0.06849749522384495,0.000798440808756018,0.3333,0.0833333333333333,0.05952857142857143,-0.6666,-1.50588936033948,0.16666666666666666,0.06666666666666667,0.3333333333333333,0.6666666666666666,0.1
2024-03-05,INFY,0.0,0.25,-0.001173360840693749,0.0014618690841539106,0.00025527054207752364,0.003854799559394495,100.79224,100.62513,0.1530199874379822,0.17394308234233194,0.0007758499293366583,53.59477652620527,0.0014618690841539106,0.00025527054207752364,0.03938730853391692,1.0481409174818346,0.004137902271228677,-0.3333,-0.08333333333333336,0.03571428571428571,0.08329999999999999,-1.1223376596323138,0.14999999999999997,0.11666666666666665,0.6666666666666666,0.3333333333333333,0.03334
2024-03-06,INFY,0.0,0.16666666666666666,-0.0005064387229005707,0.00012718676780654192,-0.002405473418379045,0.0031864052027010814,100.7948,100.641115,0.14197821272594385,0.1597461449168786,0.00011014385124807902,51.95209247790202,0.00012718676780654192,-0.002405473418379045,-0.040000000000000036,-0.1305329625963827,0.0027987465748389173,-0.25,-0.25,0.01190000000000001,0.08330000000000001,-0.7387859589251476,0.11666666666666665,0.15,0.6666666666666666,0.0,-0.033339999999999995
2024-03-07,INFY,0.0,0.08333333333333333,0.00015995676199831443,-0.0012044881570238974,-0.0004071123520865694,0.00251753962286716,100.77052,100.653755,0.14230415625993992,0.15069999642026446,0.00014450528944487395,52.44759339205059,-0.0012044881570238974,-0.0004071123520865694,-0.02083333333333337,-0.7198699026354913,0.001461234569372749,-0.1667,-0.16666666666666666,-0.011899999999999992,0.08339999999999999,-0.3547738119986452,0.06666666666666665,0.16666666666666666,0.3333333333333333,0.0,-0.09999999999999999
2024-03-08,INFY,0.0,-0.0,0.0008264766565044823,-0.0025334777451949675,0.0015945744703060871,0.0018505370634431806,100.71933999999999,100.66306,0.13802678645010205,0.1507027586797912,0.0008785745237627207,55.02859666165397,-0.0025334777451949675,0.0015945744703060871,0.0,-0.7198699026354913,0.00012704525490958574,-0.0833,-0.08333333333333336,-0.035714285714285705,0.0833,0.02877788870852087,0.0,0.16666666666666666,0.0,0.0,-0.16665999999999997
2024-03-09,INFY,0.08333333333333333,0.0,0.0014937742862390913,0.000798440808756018,0.0035985605757697936,0.0011847283161974254,100.73544,100.66902999999999,0.13509779338591132,0.15788150153305183,0.0023142171927157396,59.328906606360526,0.000798440808756018,0.0035985605757697936,0.01903695408734607,-0.19256842996892046,-0.0012041386692037692,0.0,-1.850371707708594e-17,-0.05952857142857142,0.0833,0.412329589415687,0.016666666666666656,0.1,0.0,0.0,-0.08334
2024-03-10,INFY,0.16666666666666666,0.0,0.002159521119502017,0.004137902271228677,0.0056058204267861456,0.005195969669135936,100.81877999999999,100.695165,0.16080495051793756,0.18610526810330988,0.004218027747409758,64.60603805044943,0.004137902271228677,0.0056058204267861456,0.03956043956043964,0.9240699827367591,-0.0025326369982565655,0.0833,0.08333333333333331,-0.08332857142857142,0.08339999999999999,0.7963417363421894,0.04999999999999999,0.05,0.0,0.3333333333333333,5.551115123125783e-18
2024-03-11,INFY,0.25,0.0,-0.0018394005532047508,0.0027987465748389173,0.002926289306176333,0.0045253146919959075,100.87512,100.71790000000001,0.1538189859686038,0.1861075184431505,0.0021446038886829832,57.72128379842102,0.0027987465748389173,0.002926289306176333,-0.04016913319238902,-0.2546038973414582,0.0007975516650005066,0.1667,0.16666666666666663,7.93016446160826e-18,0.08330000000000001,1.1798934370493555,0.09999999999999998,0.016666666666666666,0.0,0.6666666666666666,0.08334
2024-03-12,INFY,0.3333333333333333,0.0,-0.00117403568077723,0.001461234569372749,0.0002549863726155621,0.003855490788443827,100.90454,100.73726,0.15319218177022165,0.17413970918720362,0.000775681212691115,53.788544008783845,0.001461234569372749,0.0002549863726155621,-0.020925110132158586,-0.8439408373805669,0.004138256655233263,0.25,0.25,0.08332857142857143,0.08329999999999999,1.5634451377565215,0.16666666666666666,0.0,0.0,1.0,0.16665999999999997
2024-03-13,INFY,0.0,0.3333333333333333,-0.0005068670064294345,0.00012704525490958574,-0.002406754356611529,0.0031858452893793743,100.9071,100.75326,0.14212969663877675,0.1599265831561899,0.00010957461823069004,52.13883337802648,0.00012704525490958574,-0.002406754356611529,0.0,-0.8439408373805669,0.0027986102220727282,0.3333,0.0833333333333333,0.05952857142857143,-0.6666,-1.50588936033948,0.16666666666666666,0.06666666666666667,0.3333333333333333,0.6666666666666666,0.1
2024-03-14,INFY,0.0,0.25,0.00016077122552338174,-0.0012041386692037692,-0.00040665929390060196,0.0025187187957897983,100.8828,100.76592,0.1424552935718098,0.15086283627333286,0.00014469177674358846,52.63480419037453,-0.0012041386692037692,-0.00040665929390060196,0.01912260967379087,-0.31663936471399595,0.0014615922723146824,-0.3333,-0.08333333333333336,0.03571428571428571,0.08329999999999999,-1.1223376596323138,0.14999999999999997,0.11666666666666665,0.6666666666666666,0.3333333333333333,0.03334
2024-03-15,INFY,0.0,0.16666666666666666,0.0008265487867196164,-0.0025326369982565655,0.001594785468584936,0.0018504631124134363,100.83158,100.775235,0.13817590077694494,0.15086754830510143,0.0008788369483831993,55.205284557487005,-0.0025326369982565655,0.001594785468584936,0.039735099337748325,0.7999990479916836,0.00012690380493296516,-0.25,-0.25,0.01190000000000001,0.08330000000000001,-0.7387859589251476,0.11666666666666665,0.15,0.6666666666666666,0.0,-0.033339999999999995
2024-03-16,INFY,0.0,0.08333333333333333,0.0014931025799147513,0.0007975516650005066,0.0035985303848300454,0.0011844007972652282,100.84768,100.78121,0.13523496424934442,0.15805154022797052,0.0023138241741689214,59.48607463796039,0.0007975516650005066,0.0035985303848300454,-0.04033970276008492,-0.3786748320865337,-0.0012037887667500913,-0.1667,-0.16666666666666666,-0.011899999999999992,0.08339999999999999,-0.3547738119986452,0.06666666666666665,0.16666666666666666,0.3333333333333333,0.0,-0.09999999999999999
2024-03-17,INFY,0.0,-0.0,0.0021600880666519107,0.004138256655233263,0.005605538188287795,0.005196143752364435,100.93111999999999,100.80737500000001,0.16098821247385064,0.18630976434284274,0.0042181933613487654,64.74326495377693,0.004138256655233263,0.005605538188287795,-0.021017699115044253,-0.9680117721256424,-0.0025327809421076264,-0.0833,-0.08333333333333336,-0.035714285714285705,0.0833,0.02877788870852087,0.0,0.16666666666666666,0.0,0.0,-0.16665999999999997
2024-03-18,INFY,0.08333333333333333,0.0,-0.001840316261757624,0.0027986102220727282,0.0029260110271311923,0.00452525123992098,100.98752,100.83013500000001,0.15398521177183297,0.18630269166349603,0.002143853124861872,57.84190392191455,0.0027986102220727282,0.0029260110271311923,0.0,-0.9680117721256424,0.0007986437900249221,0.0,-1.850371707708594e-17,-0.05952857142857142,0.0833,0.412329589415687,0.016666666666666656,0.1,0.0,0.0,-0.08334
2024-03-19,INFY,0.16666666666666666,0.0,-0.0011727297288470773,0.0014615922723146824,0.0002556936433371071,0.0038551743481711753,101.01698,100.849515,0.15335655222742542,0.17433024098263328,0.0007762555923052084,53.90580617625828,0.0014615922723146824,0.0002556936433371071,0.019209039548022666,-0.4407102994590715,0.004137611242888362,0.0833,0.08333333333333331,-0.08332857142857142,0.08339999999999999,0.7963417363421894,0.04999999999999999,0.05,0.0,0.3333333333333333,5.551115123125783e-18
2024-03-20,INFY,0.25,0.0,-0.000507293332461467,0.00012690380493296516,-0.002406054594595197,0.003186277922196723,101.01953999999999,100.865535,0.14228790219509954,0.16009811555815642,0.00010970050374492502,52.25134321752896,0.00012690380493296516,-0.002406054594595197,0.039911308203991025,0.6759281132466081,0.00279846862404165,0.1667,0.16666666666666663,7.93016446160826e-18,0.08330000000000001,1.1798934370493555,0.09999999999999998,0.016666666666666666,0.0,0.6666666666666666,0.08334
2024-03-21,INFY,0.3333333333333333,0.0,0.00016059224835096586,-0.0012037887667500913,-0.00040719718548476447,0.0025179005439222024,100.99521999999999,100.878205,0.1426134499655701,0.1510302321600704,0.00014467941811613372,52.745533390566074,-0.0012037887667500913,-0.00040719718548476447,-0.04051172707889128,-0.5027457668316092,0.0014609565796568358,0.25,0.25,0.08332857142857143,0.08329999999999999,1.5634451377565215,0.16666666666666666,0.0,0.0,1.0,0.16665999999999997
2024-03-22,INFY,0.0,0.3333333333333333,0.0008266199372006788,-0.0025327809421076264,0.0015949944155357887,0.0018503874899915562,100.94394,100.88753,0.13832837782278276,0.15103559392271568,0.0008788995032389391,55.309899323588546,-0.0025327809421076264,0.0015949944155357887,-0.020000000000000018,-1.061064973184449,0.00012676254404508924,0.3333,0.0833333333333333,0.05952857142857143,-0.6666,-1.50588936033948,0.16666666666666666,0.06666666666666667,0.3333333333333333,0.6666666666666666,0.1
2024-03-23,INFY,0.0,0.25,0.0014934212220303333,0.0007986437900249221,0.0035994891047721467,0.001184071662076125,100.96007999999999,100.89350999999999,0.13537921225610672,0.1582278699917097,0.0023142221932808127,59.581025470918554,0.0007986437900249221,0.0035994891047721467,0.0,-1.061064973184449,-0.0012044261176539228,-0.3333,-0.08333333333333336,0.03571428571428571,0.08329999999999999,-1.1223376596323138,0.14999999999999997,0.11666666666666665,0.6666666666666666,0.3333333333333333,0.03334
2024-03-24,INFY,0.0,0.16666666666666666,0.002159660624758919,0.004137611242888362,0.005605251015821544,0.005196312294500682,101.0436,100.919705,0.16116184032751976,0.18651664092544742,0.004218155413751923,64.82437557432552,0.004137611242888362,0.005605251015821544,0.01927437641723362,-0.5337635005178781,-0.002532922066517007,-0.25,-0.25,0.01190000000000001,0.08330000000000001,-0.7387859589251476,0.11666666666666665,0.15,0.6666666666666666,0.0,-0.033339999999999995
2024-03-25,INFY,0.0,0.08333333333333333,-0.001840241392307873,0.00279846862404165,0.0029257275652909698,0.004525178941682251,101.10006,100.94248999999999,0.15415412921985608,0.1865105327913442,0.0021438940133140516,57.91518887060983,0.00279846862404165,0.0029257275652909698,0.03893214682981094,0.5518571785015326,0.0007987433631642116,-0.1667,-0.16666666666666666,-0.011899999999999992,0.08339999999999999,-0.3547738119986452,0.06666666666666665,0.16666666666666666,0.3333333333333333,0.0,-0.09999999999999999
2024-03-26,INFY,0.0,-0.0,-0.0011734014505891954,0.0014609565796568358,0.0002554091297874983,0.0038548586121316397,101.12953999999999,100.96189,0.15352448085630777,0.17452026846549384,0.0007756392040600968,53.97228695693251,0.0014609565796568358,0.0002554091297874983,-0.0406852248394004,-0.6268167015766847,0.004137956971581591,-0.0833,-0.08333333333333336,-0.035714285714285705,0.0833,0.02877788870852087,0.0,0.16666666666666666,0.0,0.0,-0.16665999999999997
2024-03-27,INFY,0.08333333333333333,0.0,-0.0005067290048910156,0.00012676254404508924,-0.002406339459818274,0.0031857099007335243,101.13210000000001,100.977925,0.14244046553629866,0.1602771608479454,0.00010967743692491538,52.317749971383776,0.00012676254404508924,-0.002406339459818274,-0.0200892857142857,-1.1851359079295245,0.0027983245700027304,0.0,-1.850371707708594e-17,-0.05952857142857142,0.0833,0.412329589415687,0.016666666666666656,0.1,0.0,0.0,-0.08334
2024-03-28,INFY,0.16666666666666666,0.0,0.00016041351038231788,-0.0012044261176539228,-0.0004067442350684791,0.0025180766539456556,101.10774,100.99061,0.14276758463389824,0.15119594432044542,0.00014446887685903853,52.810673080248456,-0.0012044261176539228,-0.0004067442350684791,0.0,-1.1851359079295245,0.0014613109028049909,0.0833,0.08333333333333331,-0.08332857142857142,0.08339999999999999,0.7963417363421894,0.04999999999999999,0.05,0.0,0.3333333333333333,5.551115123125783e-18
2024-03-29,INFY,0.25,0.0,0.0008266901110041136,-0.002532922066517007,0.0015942089295515327,0.0018503102019782336,101.05640000000001,100.999945,0.13848264231375138,0.1512006560658397,0.0008787628547719528,55.37155936904638,-0.002532922066517007,0.0015942089295515327,0.019362186788154823,-0.6578344352629536,0.0001276107022842865,0.1667,0.16666666666666663,7.93016446160826e-18,0.08330000000000001,1.1798934370493555,0.09999999999999998,0.016666666666666666,0.0,0.6666666666666666,0.08334
2024-03-30,INFY,0.3333333333333333,0.0,0.0014937376779007305,0.0007987433631642116,0.0035994472454463633,0.0011847321842684,101.07256,101.005935,0.1355365260321633,0.15840434362400022,0.0023143689526758937,59.63736601825799,0.0007987433631642116,0.0035994472454463633,0.03910614525139655,0.4277862437564571,-0.001205060860512197,0.25,0.25,0.08332857142857143,0.08329999999999999,1.5634451377565215,0.16666666666666666,0.0,0.0,1.0,0.16665999999999997
2024-03-31,INFY,0.0,0.3333333333333333,0.0021592320008849697,0.004137956971581591,0.00560495892670243,0.00519547941771803,101.15617999999999,101.032155,0.16134254932349307,0.1867227144161852,0.004217914583728222,64.87215160477126,0.004137956971581591,0.00560495892670243,-0.04086021505376347,-0.7508876363217603,-0.002533060380471519,0.3333,0.0833333333333333,0.05952857142857143,-0.6666,-1.50588936033948,0.16666666666666666,0.06666666666666667,0.3333333333333333,0.6666666666666666,0.1
2024-04-01,INFY,0.0,0.25,-0.0018401648756187772,0.0027983245700027304,0.002925441836789222,0.004525102315717788,101.21270000000001,101.054965,0.15432832245279884,0.1867149989041831,0.0021437343528842856,57.958387803026405,0.0027983245700027304,0.002925441836789222,-0.020179372197309364,-1.3092068426746,0.0007988419260680502,-0.3333,-0.08333333333333336,0.03571428571428571,0.08329999999999999,-1.1223376596323138,0.14999999999999997,0.11666666666666665,0.6666666666666666,0.3333333333333333,0.03334
2024-04-02,INFY,0.0,0.16666666666666666,-0.0011730830756105926,0.0014613109028049909,0.00025512474413358355,0.0038555321676425613,101.24222,101.07439,0.15369938769481764,0.17470671032212204,0.0007757652556696915,54.013663322966316,0.0014613109028049909,0.00025512474413358355,0.0,-1.3092068426746,0.00413829374965391,-0.25,-0.25,0.01190000000000001,0.08330000000000001,-0.7387859589251476,0.11666666666666665,0.15,0.6666666666666666,0.0,-0.033339999999999995
2024-04-03,INFY,0.0,0.08333333333333333,-0.0005061649306791205,0.0001276107022842865,-0.0024056345921965594,0.0031861322378834434,101.2448,101.090445,0.14259862863601122,0.16045003313049586,0.00011034672960441583,52.35966360862831,0.0001276107022842865,-0.0024056345921965594,0.0194508009153318,-0.7819053700080291,0.0027981753008854415,-0.1667,-0.16666666666666666,-0.011899999999999992,0.08339999999999999,-0.3547738119986452,0.06666666666666665,0.16666666666666666,0.3333333333333333,0.0,-0.09999999999999999
2024-04-04,INFY,0.0,-0.0,0.00015924574883086073,-0.001205060860512197,-0.00040728003171253135,0.002517255943162988,101.2204,101.10314,0.14292698058015368,0.15136078682892537,0.00014401135315877944,52.84861629622282,-0.001205060860512197,-0.00040728003171253135,0.03928170594837255,0.30371530901138155,0.001461662992730206,-0.0833,-0.08333333333333336,-0.035714285714285705,0.0833,0.02877788870852087,0.0,0.16666666666666666,0.0,0.0,-0.16665999999999997
2024-04-05,INFY,0.08333333333333333,0.0,0.0008267593111790372,-0.002533060380471519,0.00159441489624923,0.0018502312541579524,101.16900000000001,101.11248499999999,0.13863123305287617,0.15136322391066065,0.000878378174564709,55.40788103469675,-0.002533060380471519,0.00159441489624923,-0.04103671706263501,-0.8749585710668357,0.00012746871828728246,0.0,-1.850371707708594e-17,-0.05952857142857142,0.0833,0.412329589415687,0.016666666666666656,0.1,0.0,0.0,-0.08334
2024-04-06,INFY,0.16666666666666666,0.0,0.001494051953878195,0.0007988419260680502,0.00359940191506003,0.0011844010723818243,101.18518,101.11848,0.13568208921342378,0.15857365414680574,0.0023143148512516643,59.67136372868489,0.0007988419260680502,0.00359940191506003,-0.020270270270270285,-1.4332777774196754,-0.0012047063466614771,0.0833,0.08333333333333331,-0.08332857142857142,0.08339999999999999,0.7963417363421894,0.04999999999999999,0.05,0.0,0.3333333333333333,5.551115123125783e-18
2024-04-07,INFY,0.25,0.0,0.002159788855726319,0.00413829374965391,0.005605651986234417,0.005196627684536548,101.2689,101.144735,0.16152732276612164,0.1869289965820006,0.004218360945826838,64.90318348448037,0.00413829374965391,0.005605651986234417,0.0,-1.4332777774196754,-0.002533193398929212,0.1667,0.16666666666666663,7.93016446160826e-18,0.08330000000000001,1.1798934370493555,0.09999999999999998,0.016666666666666666,0.0,0.6666666666666666,0.08334
2024-04-08,INFY,0.3333333333333333,0.0,-0.0018400849057903512,0.0027981753008854415,0.0029261430802849375,0.004525016893264233,101.32548,101.16757,0.15450752732470138,0.18692867511150332,0.0021442642143130186,57.98626587347242,0.0027981753008854415,0.0029261430802849375,0.019540229885057547,-0.9059763047531046,0.000797952349718134,0.25,0.25,0.08332857142857143,0.08329999999999999,1.5634451377565215,0.16666666666666666,0.0,0.0,1.0,0.16665999999999997
2024-04-09,INFY,0.0,0.3333333333333333,-0.0011737494390168246,0.001461662992730206,0.00025484073935433393,0.0038552052705980167,101.35504,101.187015,0.15387857983919276,0.1749088251963648,0.0007756430012288984,54.03747618533138,0.001461662992730206,0.00025484073935433393,0.03945885005636973,0.17964437426630606,0.004138625691869402,0.3333,0.0833333333333333,0.05952857142857143,-0.6666,-1.50588936033948,0.16666666666666666,0.06666666666666667,0.3333333333333333,0.6666666666666666,0.1
2024-04-10,INFY,0.0,0.25,-0.0005065891147527646,0.00012746871828728246,-0.0024059145481443167,0.003185559326334575,101.35762,101.20308500000002,0.1427728300482679,0.16063697311507028,0.00010982866777231592,52.38143423503628,0.00012746871828728246,-0.0024059145481443167,-0.04013015184381774,-0.9680117721256424,0.0027990143675491463,-0.3333,-0.08333333333333336,0.03571428571428571,0.08329999999999999,-1.1223376596323138,0.14999999999999997,0.11666666666666665,0.6666666666666666,0.3333333333333333,0.03334
2024-04-11,INFY,0.0,0.16666666666666666,0.00016005659284967777,-0.0012047063466614771,-0.0004068267905316114,0.002517424898144327,101.3332,101.215795,0.14310110217757116,0.15153928264381863,0.0001442956605735013,52.87260447944765,-0.0012047063466614771,-0.0004068267905316114,-0.02033898305084747,-1.5263309784784822,0.001462011411591746,-0.25,-0.25,0.01190000000000001,0.08330000000000001,-0.7387859589251476,0.11666666666666665,0.15,0.6666666666666666,0.0,-0.033339999999999995
2024-04-12,INFY,0.0,0.08333333333333333,0.0008268267239879279,-0.002533193398929212,0.0015946172523153557,0.0018501488227673502,101.28174,101.22515000000001,0.13880275213407184,0.15154431868700352,0.0008787341880944766,55.43053245016661,-0.002533193398929212,0.0015946172523153557,0.0,-1.5263309784784822,0.00012732679854043916,-0.1667,-0.16666666666666666,-0.011899999999999992,0.08339999999999999,-0.3547738119986452,0.06666666666666665,0.16666666666666666,0.3333333333333333,0.0,-0.09999999999999999
2024-04-13,INFY,0.0,-0.0,0.0014933755518728997,0.000797952349718134,0.0035983604611597997,0.001184069528562759,101.29792,101.23115,0.13585636205605717,0.15875965449297574,0.0023140110529220603,59.68973841013487,0.000797952349718134,0.0035983604611597997,0.019607843137254832,-0.9990295058119113,-0.001204351434085038,-0.0833,-0.08333333333333336,-0.035714285714285705,0.0833,0.02877788870852087,0.0,0.16666666666666666,0.0,0.0,-0.16665999999999997
2024-04-14,INFY,0.08333333333333333,0.0,0.0021603423433012026,0.004138625691869402,0.0056063379606141606,0.005196774579399266,101.38174000000001,101.257435,0.1617245288205259,0.18714851202353466,0.004218603799316156,64.92014332333598,0.004138625691869402,0.0056063379606141606,0.039592760180995556,0.08659117320749944,-0.002533323630126816,0.0,-1.850371707708594e-17,-0.05952857142857142,0.0833,0.412329589415687,0.016666666666666656,0.1,0.0,0.0,-0.08334
2024-04-15,INFY,0.16666666666666666,0.0,-0.0018400033043352026,0.0027990143675491463,0.0029268398726103317,0.004525921365951424,101.4384,101.28030000000001,0.154693348632421,0.18714626140504562,0.002144543410712574,58.00212766523709,0.0027990143675491463,0.0029268398726103317,-0.040261153427638696,-1.061064973184449,0.0007980492130348349,0.0833,0.08333333333333331,-0.08332857142857142,0.08339999999999999,0.7963417363421894,0.04999999999999999,0.05,0.0,0.3333333333333333,5.551115123125783e-18
2024-04-16,INFY,0.25,0.0,-0.0011734279169437478,0.001462011411591746,0.00025554377050385213,0.003855865490300925,101.468,101.29977,0.15406225292971235,0.17511455528788816,0.000776211041742858,54.05347996844068,0.001462011411591746,0.00025554377050385213,-0.020408163265306145,-1.6193841795372887,0.004137962327280809,0.1667,0.16666666666666663,7.93016446160826e-18,0.08330000000000001,1.1798934370493555,0.09999999999999998,0.016666666666666666,0.0,0.6666666666666666,0.08334
2024-04-17,INFY,0.3333333333333333,0.0,-0.0005070113554761502,0.00012732679854043916,-0.002406189143794424,0.0031859745834867947,101.47058,101.31586,0.1429404631306315,0.1608250550000833,0.00010995317021444961,52.39566572761228,0.00012732679854043916,-0.002406189143794424,0.0,-1.6193841795372887,0.0027988591392225093,0.25,0.25,0.08332857142857143,0.08329999999999999,1.5634451377565215,0.16666666666666666,0.0,0.0,1.0,0.16665999999999997
2024-04-18,INFY,0.0,0.3333333333333333,0.00015987841345355136,-0.001204351434085038,-0.00040736009942354823,0.0025175909869252777,101.44614,101.328585,0.14326898594368734,0.1517158988823326,0.00014423373226812863,52.88611903337928,-0.001204351434085038,-0.00040736009942354823,0.01967592592592582,-1.092082706870718,0.0014613708665209835,0.3333,0.0833333333333333,0.05952857142857143,-0.6666,-1.50588936033948,0.16666666666666666,0.06666666666666667,0.3333333333333333,0.6666666666666666,0.1
2024-04-19,INFY,0.0,0.25,0.0008268931709281002,-0.002533323630126816,0.0015948175834810119,0.0018500647473274068,101.39462,101.33795,0.13896396655248566,0.15172125930898867,0.0008787428599059677,55.443391394871256,-0.002533323630126816,0.0015948175834810119,0.03972758229284912,-0.006462027851307192,0.00012718506906428395,-0.3333,-0.08333333333333336,0.03571428571428571,0.08329999999999999,-1.1223376596323138,0.14999999999999997,0.11666666666666665,0.6666666666666666,0.3333333333333333,0.03334
2024-04-20,INFY,0.0,0.16666666666666666,0.0014936851134312867,0.0007980492130348349,0.003599297331797313,0.0011847231818393755,101.41081999999999,101.34396,0.1360065639755915,0.15894806301692327,0.0023142967770355405,59.70197487822895,0.0007980492130348349,0.003599297331797313,-0.04039301310043664,-1.1541181742432556,-0.00120399493987422,-0.25,-0.25,0.01190000000000001,0.08330000000000001,-0.7387859589251476,0.11666666666666665,0.15,0.6666666666666666,0.0,-0.033339999999999995
2024-04-21,INFY,0.0,0.08333333333333333,0.002159905885595892,0.004137962327280809,0.0056060234870156656,0.0051969160159413,101.49472,101.370275,0.1618992636041312,0.18736415675585208,0.00421844569327634,64.92957899365706,0.004137962327280809,0.0056060234870156656,-0.020477815699658675,-1.7124373805960955,-0.002533451082979088,-0.1667,-0.16666666666666666,-0.011899999999999992,0.08339999999999999,-0.3547738119986452,0.06666666666666665,0.16666666666666666,0.3333333333333333,0.0,-0.09999999999999999
2024-04-22,INFY,0.0,-0.0,-0.0018399200769366741,0.0027988591392225093,0.0029265423075366392,0.004525826274705214,101.55144,101.393165,0.1548612960038937,0.1873615847695505,0.0021444739396390133,58.01102542791723,0.0027988591392225093,0.0029265423075366392,0.0,-1.7124373805960955,0.000798145075415313,-0.0833,-0.08333333333333336,-0.035714285714285705,0.0833,0.02877788870852087,0.0,0.16666666666666666,0.0,0.0,-0.16665999999999997
2024-04-23,INFY,0.08333333333333333,0.0,-0.0011740901047726515,0.0014613708665209835,0.0002552594283371512,0.003854538404931107,101.58106000000001,101.41265000000001,0.15422902162406674,0.17532074816413198,0.0007755442738157647,54.05977713286257,0.0014613708665209835,0.0002552594283371512,0.019744483159117365,-1.1851359079295245,0.0041382857446894405,0.0,-1.850371707708594e-17,-0.05952857142857142,0.0833,0.412329589415687,0.016666666666666656,0.1,0.0,0.0,-0.08334
2024-04-24,INFY,0.16666666666666666,0.0,-0.0005064473506596334,0.00012718506906428395,-0.0024064607620033485,0.0031863857662901562,101.58363999999999,101.42876,0.14309367599973255,0.1610110077962619,0.00010983078172310812,52.40365368626602,0.00012718506906428395,-0.0024064607620033485,0.03986332574031892,-0.09951522891011381,0.002798701497142675,0.0833,0.08333333333333331,-0.08332857142857142,0.08339999999999999,0.7963417363421894,0.04999999999999999,0.05,0.0,0.3333333333333333,5.551115123125783e-18
2024-04-25,INFY,0.25,0.0,0.00016068627827903192,-0.00120399493987422,-0.00040690657405362263,0.002518742348171399,101.55918,101.441505,0.1434208879874768,0.15188855843742696,0.00014486180976902574,52.8964655109883,-0.00120399493987422,-0.00040690657405362263,-0.04052573932092007,-1.2471713753020623,,0.1667,0.16666666666666663,7.93016446160826e-18,0.08330000000000001,1.1798934370493555,0.09999999999999998,0.016666666666666666,0.0,0.6666666666666666,0.08334
2024-04-26,INFY,0.3333333333333333,0.0,0.0008259721929266828,-0.002533451082979088,0.0015940279191624107,0.00184997903357087,101.5076,101.45088,0.1391146385779452,0.1518922942503044,0.0008784546767854895,55.45030354713722,-0.002533451082979088,0.0015940279191624107,-0.020547945205479423,-1.805490581654902,,0.25,0.25,0.08332857142857143,0.08329999999999999,1.5634451377565215,0.16666666666666666,0.0,0.0,1.0,0.16665999999999997
2024-04-27,INFY,0.0,0.3333333333333333,0.0014939925152648303,0.000798145075415313,0.0035992381102765147,0.0011843885188154157,101.52382,101.456895,0.13615722978317413,0.1591258537827679,0.0023143326040087064,59.70897747942031,0.000798145075415313,0.0035992381102765147,0.0,-1.805490581654902,,0.3333,0.0833333333333333,0.05952857142857143,-0.6666,-1.50588936033948,0.16666666666666666,0.06666666666666667,0.3333333333333333,0.6666666666666666,0.1
2024-04-28,INFY,0.0,0.25,0.0021594682751886474,0.0041382857446894405,0.005605704181435023,0.005196060541798664,101.60781999999999,101.48323500000001,0.16207049357886016,0.18756986985904167,0.004218085873986865,64.93461928007267,0.0041382857446894405,0.005605704181435023,0.019813519813519864,-1.278189108988331,,-0.3333,-0.08333333333333336,0.03571428571428571,0.08329999999999999,-1.1223376596323138,0.14999999999999997,0.11666666666666665,0.6666666666666666,0.3333333333333333,0.03334
2024-04-29,INFY,0.0,0.16666666666666666,-0.0018398352292631204,0.002798701497142675,0.0029262425192502217,0.004525726925754592,101.66460000000001,101.50615,0.15502345198928363,0.18756440437744393,0.0021442050555555703,58.01581045040777,0.002798701497142675,0.0029262425192502217,0.040000000000000036,-0.19256842996892046,,-0.25,-0.25,0.01190000000000001,0.08330000000000001,-0.7387859589251476,0.11666666666666665,0.15,0.6666666666666666,0.0,-0.033339999999999995
2024-01-01,RELIANCE,0.0,0.3333333333333333,0.0,0.0,0.0,0.0,99.816,99.816,0.0,0.0,0.0,50.0,0.0,0.0,0.0,1.3583182543445234,0.0007984691832974011,0.0,-0.3333,-0.3333,0.0,-1.50588936033948,0.0,0.3333333333333333,1.0,0.0,-0.3333
2024-01-02,RELIANCE,0.0,0.25,-0.0011731586118458592,0.0,0.0,0.0,99.75745,99.75745,0.08280220407695522,0.08280220407695522,-0.0005869235831510444,50.0,0.0,0.0,-0.02083333333333337,0.7379635806191458,0.004137457885693863,-0.3333,-0.29164999999999996,-0.29164999999999996,0.08329999999999999,-1.1223376596323138,0.0,0.29166666666666663,1.0,0.0,-0.29164999999999996
2024-01-03,RELIANCE,0.0,0.16666666666666666,-0.000506525147218273,0.0,0.0,0.0,99.72109999999999,99.72109999999999,0.08597714812670802,0.08597714812670802,-0.0007290332738005834,50.0,0.0,0.0,0.0,0.7379635806191458,0.002797837195579689,-0.25,-0.25,-0.25,0.08330000000000001,-0.7387859589251476,0.0,0.25,0.6666666666666666,0.0,-0.25
2024-01-04,RELIANCE,0.0,0.08333333333333333,0.00015956101653413768,0.0,0.0,0.0,99.70689999999999,99.70689999999999,0.07572718578336451,0.07572718578336451,-0.000427252276422152,50.0,0.0,0.0,0.01914893617021285,1.2962827869719857,0.0014619076238935325,-0.1667,-0.16666666666666666,-0.20832499999999998,0.08339999999999999,-0.3547738119986452,0.0,0.20833333333333331,0.3333333333333333,0.0,-0.20832499999999998
2024-01-05,RELIANCE,0.0,-0.0,0.0008267754853041875,0.0,0.0,0.0,99.71486,99.71486,0.0679541242309926,0.0679541242309926,0.0003193104819081416,50.0,0.0,0.0,0.039665970772442494,2.474956667050203,0.00012732250791258615,-0.0833,-0.08333333333333333,-0.16665999999999997,0.0833,0.02877788870852087,0.0,0.16666666666666666,0.0,0.0,-0.16665999999999997
2024-01-06,RELIANCE,0.08333333333333333,0.0,0.001493783754249467,0.0007984691832974011,0.0,0.0,99.7308,99.745,0.0956280711925168,0.0956280711925168,0.001510852674319496,50.0,0.0007984691832974011,0.0,-0.04016064257028118,1.234247319599448,-0.0012042560390487234,0.0,0.0,-0.125,0.0833,0.412329589415687,0.016666666666666666,0.1,0.0,0.0,-0.08334
2024-01-07,RELIANCE,0.16666666666666666,0.0,0.0021592520999402787,0.004137457885693863,0.0,0.0,99.8133,99.79734285714287,0.16370409134719274,0.16370409134719274,0.003146948945391248,50.0,0.004137457885693863,0.0,-0.02092050209205021,0.6138926458740703,-0.0025321791524242077,0.0833,0.08333333333333333,-0.08332857142857142,0.08339999999999999,0.7963417363421894,0.05,0.05,0.0,0.3333333333333333,0.0
2024-01-08,RELIANCE,0.25,0.0,-0.0018399502953709845,0.002797837195579689,0.0,0.0,99.86906,99.813575,0.15836178967342918,0.15836178967342918,0.001138372210393257,50.0,0.002797837195579689,0.0,0.0,0.6138926458740703,0.0007985813672353181,0.1667,0.16666666666666666,0.0,0.08330000000000001,1.1798934370493555,0.1,0.016666666666666666,0.0,0.6666666666666666,0.08334
2024-01-09,RELIANCE,0.3333333333333333,0.0,-0.0011728538375936903,0.0014619076238935325,0.0,0.0,99.8982,99.81317777777778,0.1481386831467205,0.1481386831467205,-3.1837256848521456e-05,50.0,0.0014619076238935325,0.0,0.019230769230769162,1.17221185222691,0.0041378619376815085,0.25,0.25,0.08332857142857142,0.08329999999999999,1.5634451377565215,0.16666666666666666,0.0,0.0,1.0,0.16665999999999997
2024-01-10,RELIANCE,0.0,0.3333333333333333,-0.000506963230137325,0.00012732250791258615,0.0,0.0,99.90074,99.8078,0.140698021781877,0.140698021781877,-0.0004849320393797152,50.0,0.00012732250791258615,0.0,0.0398322851153039,2.3508857323051275,0.002798733753410776,0.3333,0.0833333333333333,0.059528571428571424,-0.6666,-1.50588936033948,0.16666666666666666,0.06666666666666667,0.3333333333333333,0.6666666666666666,0.1
2024-01-11,RELIANCE,0.0,0.25,0.0001603858884475784,-0.0012042560390487234,-0.0004067484170874325,0.0,99.87668,99.80485454545455,0.1410205201774246,0.1338348711183784,-0.0002951213704852629,50.0,-0.0012042560390487234,-0.0004067484170874325,-0.040322580645161255,1.1101763848543724,0.0014612820394606096,-0.3333,-0.08333333333333336,0.03571428571428571,0.08329999999999999,-1.1223376596323138,0.14999999999999997,0.11666666666666665,0.6666666666666666,0.3333333333333333,0.03334
2024-01-12,RELIANCE,0.0,0.16666666666666666,0.0008268571210938713,-0.0025321791524242077,0.001594801948667568,0.0,99.82598,99.809275,0.1367864775642828,0.1285220400270995,0.00048717917247675935,50.0,-0.0025321791524242077,0.001594801948667568,-0.021008403361344574,0.4898217111289948,0.00012718072380857315,-0.25,-0.25,0.011900000000000003,0.08330000000000001,-0.7387859589251476,0.11666666666666665,0.15,0.6666666666666666,0.0,-0.033339999999999995
2024-01-13,RELIANCE,0.0,0.08333333333333333,0.0014931217259726015,0.0007985813672353181,0.0035986528634679438,0.0,99.84194,99.82448461538462,0.1338805852657827,0.13471727089324073,0.0018283629043376326,50.0,0.0007985813672353181,0.0035986528634679438,0.0,0.4898217111289948,-0.001204915655904193,-0.1667,-0.16666666666666666,-0.011899999999999999,0.08339999999999999,-0.3547738119986452,0.06666666666666665,0.16666666666666666,0.3333333333333333,0.0,-0.09999999999999999
2024-01-14,RELIANCE,0.0,-0.0,0.002159848810583176,0.0041378619376815085,0.005605818733488421,0.0,99.92454000000001,99.85294999999999,0.15937389337304214,0.16762034367994574,0.00370594959888515,50.0,0.0041378619376815085,0.005605818733488421,0.0193133047210301,1.0481409174818346,-0.00253335062809934,-0.0833,-0.08333333333333336,-0.03571428571428571,0.0833,0.02877788870852087,0.0,0.16666666666666666,0.0,0.0,-0.16665999999999997
2024-01-15,RELIANCE,0.08333333333333333,0.0,-0.0018398970296239492,0.002798733753410776,0.0029264126031236515,0.0,99.98038,99.86532666666668,0.1524434481664588,0.16848563510903045,0.0017350700099514338,38.19230314739198,0.002798733753410776,0.0029264126031236515,0.040000000000000036,2.226814797560052,0.0007976920908527863,0.0,-1.850371707708594e-17,-0.05952857142857143,0.0833,0.412329589415687,0.016666666666666656,0.1,0.0,0.0,-0.08334
2024-01-16,RELIANCE,0.16666666666666666,0.0,-0.0011735470108538149,0.0014612820394606096,0.0002552662426911212,0.0,100.00953999999999,99.86881875,0.1518216823191372,0.1633708346829326,0.0005245005463729857,35.54785249347482,0.0014612820394606096,0.0002552662426911212,-0.04048582995951422,0.9861054501092968,0.004138260949628325,0.0833,0.08333333333333331,-0.08332857142857142,0.08339999999999999,0.7963417363421894,0.04999999999999999,0.05,0.0,0.3333333333333333,5.551115123125783e-18
2024-01-17,RELIANCE,0.25,0.0,-0.0005063990424454268,0.00012718072380857315,-0.0024053204729931332,0.0,100.01208,99.86892352941176,0.14086483710751085,0.15818372043849174,1.6786709308380665e-05,34.44096857357101,0.00012718072380857315,-0.0024053204729931332,-0.020042194092827037,0.3967685100701882,0.0027986214161124234,0.1667,0.16666666666666663,7.93016446160826e-18,0.08330000000000001,1.1798934370493555,0.09999999999999998,0.016666666666666666,0.0,0.6666666666666666,0.08334
2024-01-18,RELIANCE,0.3333333333333333,0.0,0.0001592060125803485,-0.001204915655904193,-0.0004072965118606664,0.0,99.98798000000001,99.8699,0.14119014916846956,0.15351665937571937,0.00016621624733770268,35.124565777179825,-0.001204915655904193,-0.0004072965118606664,0.0,0.3967685100701882,0.0014616589829457016,0.25,0.25,0.08332857142857143,0.08329999999999999,1.5634451377565215,0.16666666666666666,0.0,0.0,1.0,0.16665999999999997
2024-01-19,RELIANCE,0.0,0.3333333333333333,0.0008269385752830427,-0.00253335062809934,0.001594028654443358,0.0,99.93719999999999,99.87512105263158,0.1369489690034312,0.15091717956454667,0.000940964540297129,38.70052151755965,-0.00253335062809934,0.001594028654443358,0.019375672766415608,0.955087716423028,0.00012803956422535734,0.3333,0.0833333333333333,0.05952857142857143,-0.6666,-1.50588936033948,0.16666666666666666,0.06666666666666667,0.3333333333333333,0.6666666666666666,0.1
2024-01-20,RELIANCE,0.0,0.25,0.001493461479597169,0.0007976920908527863,0.0035986583720430954,0.0,99.95316,99.88728499999999,0.1340284468146398,0.15664128068867286,0.002313757952275841,44.64029728531449,0.0007976920908527863,0.0035986583720430954,0.03907074973600855,2.1027438628149766,-0.001203574967238663,-0.3333,-0.08333333333333336,0.03571428571428571,0.08329999999999999,-1.1223376596323138,0.14999999999999997,0.11666666666666665,0.6666666666666666,0.3333333333333333,0.03334
2024-01-21,RELIANCE,0.0,0.16666666666666666,0.0021604420366285737,0.004138260949628325,0.005605590155489226,0.005196561673479261,100.03586,99.91322,0.15956224142595515,0.1846532272011176,0.00421846078026511,51.91047683247738,0.004138260949628325,0.005605590155489226,-0.04065040650406504,0.8620345153642214,-0.0025335203075306234,-0.25,-0.25,0.01190000000000001,0.08330000000000001,-0.7387859589251476,0.11666666666666665,0.15,0.6666666666666666,0.0,-0.033339999999999995
2024-01-22,RELIANCE,0.0,0.08333333333333333,-0.001839842048663165,0.0027986214161124234,0.0029261580706183565,0.004525626661878945,100.09176,99.93578,0.15263413627213104,0.1846532272011176,0.0021445772475083835,46.3196445307366,0.0027986214161124234,0.0029261580706183565,-0.0201271186440678,0.2726975753251127,0.0007978024984498511,-0.1667,-0.16666666666666666,-0.011899999999999992,0.08339999999999999,-0.3547738119986452,0.06666666666666665,0.16666666666666666,0.3333333333333333,0.0,-0.09999999999999999
2024-01-23,RELIANCE,0.0,-0.0,-0.001174237469558137,0.0014616589829457016,0.0002549821512494166,0.0038545526069662106,100.12096,99.954985,0.15201203205296854,0.1727837598210342,0.0007754990909158987,43.13260504215097,0.0014616589829457016,0.0002549821512494166,0.0,0.2726975753251127,0.004138654937145381,-0.0833,-0.08333333333333336,-0.035714285714285705,0.0833,0.02877788870852087,0.0,0.16666666666666666,0.0,0.0,-0.16665999999999997
2024-01-24,RELIANCE,0.08333333333333333,0.0,-0.0005058356034288725,0.00012803956422535734,-0.002405635432984443,0.003186697744327782,100.12352,99.97086499999999,0.14103586777832558,0.15868099171475156,0.00011038215984227051,41.79992585095653,0.00012803956422535734,-0.002405635432984443,0.019459459459459483,0.8310167816779525,0.0027975063486491702,0.0,-1.850371707708594e-17,-0.05952857142857142,0.0833,0.412329589415687,0.016666666666666656,0.1,0.0,0.0,-0.08334
2024-01-25,RELIANCE,0.16666666666666666,0.0,0.00016002896524280885,-0.001203574967238663,-0.00040684295861803665,0.002518379054144093,100.09942,99.983425,0.14135854688614827,0.14969079666185678,0.00014477399628987087,42.40589720498105,-0.001203574967238663,-0.00040684295861803665,0.03923647932131491,1.978672928069901,0.0014610306816442709,0.0833,0.08333333333333331,-0.08332857142857142,0.08339999999999999,0.7963417363421894,0.04999999999999999,0.05,0.0,0.3333333333333333,5.551115123125783e-18
2024-01-26,RELIANCE,0.25,0.0,0.0008260173463643383,-0.0025335203075306234,0.0015942562739439392,0.0018499294764438012,100.04857999999999,99.992665,0.1371120044991036,0.1496943703016196,0.0008784144316984488,45.55736203464969,-0.0025335203075306234,0.0015942562739439392,-0.04081632653061229,0.7379635806191458,0.00012789704288040937,0.1667,0.16666666666666663,7.93016446160826e-18,0.08330000000000001,1.1798934370493555,0.09999999999999998,0.016666666666666666,0.0,0.6666666666666666,0.08334
2024-01-27,RELIANCE,0.3333333333333333,0.0,0.0014937974930182563,0.0007978024984498511,0.003598656661720323,0.0011846802661834577,100.06456,99.998595,0.134200672294987,0.15682479152493986,0.002314082512859361,50.804316279695385,0.0007978024984498511,0.003598656661720323,-0.02021276595744681,0.1486266405800372,-0.0012042302703780816,0.25,0.25,0.08332857142857143,0.08329999999999999,1.5634451377565215,0.16666666666666666,0.0,0.0,1.0,0.16665999999999997
2024-01-28,RELIANCE,0.0,0.3333333333333333,0.002160031926568884,0.004138654937145381,0.005606363222257382,0.0051967832582120455,100.14736,100.02456,0.15974604289997738,0.18486471696607532,0.004218363969809014,57.232436841139,0.004138654937145381,0.005606363222257382,0.0,0.1486266405800372,-0.002533687087155956,0.3333,0.0833333333333333,0.05952857142857143,-0.6666,-1.50588936033948,0.16666666666666666,0.06666666666666667,0.3333333333333333,0.6666666666666666,0.1
2024-01-29,RELIANCE,0.0,0.25,-0.001840780913222484,0.0027975063486491702,0.0029259041043683265,0.004524596733794128,100.2033,100.04714,0.1527924187327356,0.1848582882557425,0.002143589511904187,51.092323853528704,0.0027975063486491702,0.0029259041043683265,0.019543973941368087,0.706945846932877,0.0007989100513057235,-0.3333,-0.08333333333333336,0.03571428571428571,0.08329999999999999,-1.1223376596323138,0.14999999999999997,0.11666666666666665,0.6666666666666666,0.3333333333333333,0.03334
2024-01-30,RELIANCE,0.0,0.16666666666666666,-0.001172931610905814,0.0014610306816442709,0.00025569725445073743,0.003855275793559265,100.23252,100.06637,0.15216767834632455,0.17297259320482608,0.000775785111421623,47.59488972156586,0.0014610306816442709,0.00025569725445073743,0.03940362087326954,1.8546019933248254,0.004138041220642208,-0.25,-0.25,0.01190000000000001,0.08330000000000001,-0.7387859589251476,0.11666666666666665,0.15,0.6666666666666666,0.0,-0.033339999999999995
2024-01-31,RELIANCE,0.0,0.08333333333333333,-0.0005062709698034906,0.00012789704288040937,-0.002405947294405575,0.0031861561066153232,100.23508,100.082265,0.1411770917047133,0.15885768299761766,0.00011025929519070665,46.128830045862905,0.00012789704288040937,-0.002405947294405575,-0.040983606557377095,0.6138926458740703,0.002798389102967036,-0.1667,-0.16666666666666666,-0.011899999999999992,0.08339999999999999,-0.3547738119986452,0.06666666666666665,0.16666666666666666,0.3333333333333333,0.0,-0.09999999999999999
2024-02-01,RELIANCE,0.0,-0.0,0.0001598508591484915,-0.0012042302703780816,-0.0004073885098466734,0.0025175774775956228,100.21094000000001,100.094835,0.1415007204535295,0.14986145276994883,0.0001445129511428167,46.68694238115634,-0.0012042302703780816,-0.0004073885098466734,-0.020299145299145338,0.024555705834961684,0.0014614026868631225,-0.0833,-0.08333333333333336,-0.035714285714285705,0.0833,0.02877788870852087,0.0,0.16666666666666666,0.0,0.0,-0.16665999999999997
2024-02-02,RELIANCE,0.08333333333333333,0.0,0.0008260970758959818,-0.002533687087155956,0.0015944817934170352,0.0018498705090641554,100.16004000000001,100.104085,0.13724412960520105,0.14986405163910566,0.0008782358881758157,49.593772296583865,-0.002533687087155956,0.0015944817934170352,0.0,0.024555705834961684,0.00012775471095505253,0.0,-1.850371707708594e-17,-0.05952857142857142,0.0833,0.412329589415687,0.016666666666666656,0.1,0.0,0.0,-0.08334
2024-02-03,RELIANCE,0.16666666666666666,0.0,0.0014941312679657148,0.0007989100513057235,0.0035986513558954325,0.0011843588796982552,100.17606,100.11001999999999,0.13433238874762754,0.1570016882242602,0.002314253857905735,54.43664143121035,0.0007989100513057235,0.0035986513558954325,0.019629225736095934,0.5828749121878015,-0.0012048829150792528,0.0833,0.08333333333333331,-0.08332857142857142,0.08339999999999999,0.7963417363421894,0.04999999999999999,0.05,0.0,0.3333333333333333,5.551115123125783e-18
2024-02-04,RELIANCE,0.25,0.0,0.0021596205764902177,0.004138041220642208,0.005605117707471852,0.005195994346182342,100.25894000000001,100.13601,0.15991857685146604,0.18507114961835222,0.0042181628766715384,60.37194680230847,0.004138041220642208,0.005605117707471852,0.039572192513368964,1.73053105857975,-0.0025328565291412586,0.1667,0.16666666666666663,7.93016446160826e-18,0.08330000000000001,1.1798934370493555,0.09999999999999998,0.016666666666666666,0.0,0.6666666666666666,0.08334
2024-02-05,RELIANCE,0.3333333333333333,0.0,-0.001839726964629529,0.002798389102967036,0.0029266440515385295,0.0045255661461232055,100.31496000000001,100.15862,0.15296520882569015,0.1850692206204461,0.002144398555012028,53.914903861779834,0.002798389102967036,0.0029266440515385295,-0.04012345679012341,0.5208394448152637,0.0007980201926007791,0.25,0.25,0.08332857142857143,0.08329999999999999,1.5634451377565215,0.16666666666666666,0.0,0.0,1.0,0.16665999999999997
2024-02-06,RELIANCE,0.0,0.3333333333333333,-0.0011736177114654023,0.0014614026868631225,0.00025541255113226136,0.0038549883549312547,100.34421999999999,100.17787,0.15234099032535298,0.17317470065623228,0.0007759198713248594,50.23083976123623,0.0014614026868631225,0.00025541255113226136,-0.020364415862808127,-0.06849749522384495,0.00413842219287508,0.3333,0.0833333333333333,0.05952857142857143,-0.6666,-1.50588936033948,0.16666666666666666,0.06666666666666667,0.3333333333333333,0.6666666666666666,0.1
2024-02-07,RELIANCE,0.0,0.25,-0.0005067048623716985,0.00012775471095505253,-0.002406256066662338,0.00318661681007959,100.34678,100.193785,0.14133925655818494,0.1590370803336767,0.00010993695866456932,48.68585483016115,0.00012775471095505253,-0.002406256066662338,0.0,-0.06849749522384495,0.002798269144791421,-0.3333,-0.08333333333333336,0.03571428571428571,0.08329999999999999,-1.1223376596323138,0.14999999999999997,0.11666666666666665,0.6666666666666666,0.3333333333333333,0.03334
2024-02-08,RELIANCE,0.0,0.16666666666666666,0.0001596729897168636,-0.0012048829150792528,-0.0004069354568448924,0.0025177779934000277,100.3226,100.20636999999999,0.14166507489293342,0.15002488951401388,0.00014400282137749798,49.21567012199557,-0.0012048829150792528,-0.0004069354568448924,0.01969365426695835,0.4898217111289948,0.0014617724065264515,-0.25,-0.25,0.01190000000000001,0.08330000000000001,-0.7387859589251476,0.11666666666666665,0.15,0.6666666666666666,0.0,-0.033339999999999995
2024-02-09,RELIANCE,0.0,0.08333333333333333,0.0008271736006897346,-0.0025328565291412586,0.0015947036267773829,0.0018508086425672587,100.27166,100.215635,0.1374094530145362,0.1500279773032089,0.0008787550964477475,51.982040482992154,-0.0025328565291412586,0.0015947036267773829,0.03969957081545061,1.6374778575209432,0.00012761244101655578,-0.1667,-0.16666666666666666,-0.011899999999999992,0.08339999999999999,-0.3547738119986452,0.06666666666666665,0.16666666666666666,0.3333333333333333,0.0,-0.09999999999999999
2024-02-10,RELIANCE,0.0,-0.0,0.0014934643487727328,0.0007980201926007791,0.0035986424665788164,0.0011840370280671308,100.28768,100.221575,0.13449207163736351,0.15717189676143528,0.0023141224831080276,56.58428338712674,0.0007980201926007791,0.0035986424665788164,-0.04024767801857587,0.4277862437564571,-0.0012045374227876993,-0.0833,-0.08333333333333336,-0.035714285714285705,0.0833,0.02877788870852087,0.0,0.16666666666666666,0.0,0.0,-0.16665999999999997
2024-02-11,RELIANCE,0.08333333333333333,0.0,0.002160203477230782,0.00413842219287508,0.005605872781050403,0.005196200503045034,100.37066000000002,100.247595,0.16011131683224222,0.18527948582730402,0.004218604945086302,62.23142907420424,0.00413842219287508,0.005605872781050403,-0.02043010752688168,-0.16155069628265156,-0.002533016126869403,0.0,-1.850371707708594e-17,-0.05952857142857142,0.0833,0.412329589415687,0.016666666666666656,0.1,0.0,0.0,-0.08334
2024-02-12,RELIANCE,0.16666666666666666,0.0,-0.0018406583855250513,0.002798269144791421,0.0029263813478124234,0.004525529203009082,100.42674000000001,100.27023,0.15314347085867963,0.18527144836416895,0.0021439065214072794,55.58292711724171,0.002798269144791421,0.0029263813478124234,0.0,-0.16155069628265156,0.0007981274854405029,0.0833,0.08333333333333331,-0.08332857142857142,0.08339999999999999,0.7963417363421894,0.04999999999999999,0.05,0.0,0.3333333333333333,5.551115123125783e-18
2024-02-13,RELIANCE,0.25,0.0,-0.001173307113883526,0.0014617724065264515,0.00025512822684881087,0.0038546977002837934,100.45604,100.2895,0.15251923594520755,0.1733639949264307,0.00077575419161513,51.79155797226476,0.0014617724065264515,0.00025512822684881087,0.019758507135016368,0.3967685100701882,0.004137801853790979,0.1667,0.16666666666666663,7.93016446160826e-18,0.08330000000000001,1.1798934370493555,0.09999999999999998,0.016666666666666666,0.0,0.6666666666666666,0.08334
2024-02-14,RELIANCE,0.3333333333333333,0.0,-0.0005061409443114506,0.00012761244101655578,-0.002405567312129042,0.003186066907405083,100.4586,100.30543,0.14150861811203147,0.1592200665084548,0.00011036291853794289,50.20258919183511,0.00012761244101655578,-0.002405567312129042,0.03982777179763186,1.5444246564621367,0.002798143874636727,0.25,0.25,0.08332857142857143,0.08329999999999999,1.5634451377565215,0.16666666666666666,0.0,0.0,1.0,0.16665999999999997
2024-02-15,RELIANCE,0.0,0.3333333333333333,0.00015949519769908882,-0.0012045374227876993,-0.0004074784753730354,0.0025179730317095306,100.43440000000001,100.31803,0.14183372267858482,0.15019875288573625,0.00014424126949075244,50.71546008144593,-0.0012045374227876993,-0.0004074784753730354,-0.04037267080745344,0.3347330426976505,0.0014621383898538731,0.3333,0.0833333333333333,0.05952857142857143,-0.6666,-1.50588936033948,0.16666666666666666,0.06666666666666667,0.3333333333333333,0.6666666666666666,0.1
2024-02-16,RELIANCE,0.0,0.25,0.0008272493957590665,-0.002533016126869403,0.0015949233758512094,0.0018507432904319998,100.38340000000001,100.327305,0.1375753292643668,0.15020411542126044,0.0008790727509324636,53.396846382296474,-0.002533016126869403,0.0015949233758512094,-0.02049622437971954,-0.2546038973414582,0.00012647449845903935,-0.3333,-0.08333333333333336,0.03571428571428571,0.08329999999999999,-1.1223376596323138,0.14999999999999997,0.11666666666666665,0.6666666666666666,0.3333333333333333,0.03334
2024-02-17,RELIANCE,0.0,0.16666666666666666,0.0014927974266920607,0.0007981274854405029,0.0035986300057482268,0.0011837147138027415,100.39944,100.33324999999999,0.13464339279072898,0.15735296729264142,0.0023137892971671903,57.856373487060274,0.0007981274854405029,0.0035986300057482268,0.0,-0.2546038973414582,-0.00120419150125195,-0.25,-0.25,0.01190000000000001,0.08330000000000001,-0.7387859589251476,0.11666666666666665,0.15,0.6666666666666666,0.0,-0.033339999999999995
2024-02-18,RELIANCE,0.0,0.08333333333333333,0.002159788555507136,0.004137801853790979,0.005605622784891073,0.0051964062013771795,100.48249999999999,100.35929999999999,0.16026362344579076,0.18547929661742416,0.004217845281902166,63.33166847569437,0.004137801853790979,0.005605622784891073,0.01982378854625555,0.30371530901138155,-0.002533175369557883,-0.1667,-0.16666666666666666,-0.011899999999999992,0.08339999999999999,-0.3547738119986452,0.06666666666666665,0.16666666666666666,0.3333333333333333,0.0,-0.09999999999999999
2024-02-19,RELIANCE,0.0,-0.0,-0.0018396032648493321,0.002798143874636727,0.002926113393623586,0.004525483304042233,100.53864000000002,100.38195999999999,0.15329647962898357,0.18547543857826665,0.0021442099755772936,56.57496994574626,0.002798143874636727,0.002926113393623586,0.03995680345572361,1.45137145540333,0.0007982329528057885,-0.0833,-0.08333333333333336,-0.035714285714285705,0.0833,0.02877788870852087,0.0,0.16666666666666666,0.0,0.0,-0.16665999999999997
2024-02-20,RELIANCE,0.08333333333333333,0.0,-0.001172994874608757,0.0014621383898538731,0.0002558397666581058,0.0038554029090858144,100.56798,100.40125499999999,0.1526701487957155,0.17355519514888984,0.0007763349173275369,52.71979338555324,0.0014621383898538731,0.0002558397666581058,-0.04049844236760125,0.24167984163884382,0.00413717465903396,0.0,-1.850371707708594e-17,-0.05952857142857142,0.0833,0.412329589415687,0.016666666666666656,0.1,0.0,0.0,-0.08334
2024-02-21,RELIANCE,0.16666666666666666,0.0,-0.0005075677354119401,0.00012647449845903935,-0.0024068619903546695,0.0031855182285762673,100.57052,100.41720000000001,0.14164286231370307,0.1593919630807922,0.00010954298665954987,51.099081247654965,0.00012647449845903935,-0.0024068619903546695,-0.02056277056277056,-0.3476570984002648,0.0027990146193996868,0.0833,0.08333333333333331,-0.08332857142857142,0.08339999999999999,0.7963417363421894,0.04999999999999999,0.05,0.0,0.3333333333333333,5.551115123125783e-18
2024-02-22,RELIANCE,0.25,0.0,0.00016031353743262144,-0.00120419150125195,-0.0004070251141462533,0.002518165122963989,100.5463,100.429815,0.1419686197720274,0.15035865289371203,0.0001442300774923133,51.60487583425218,-0.00120419150125195,-0.0004070251141462533,0.0,-0.3476570984002648,0.001461506526502676,0.1667,0.16666666666666663,7.93016446160826e-18,0.08330000000000001,1.1798934370493555,0.09999999999999998,0.016666666666666666,0.0,0.6666666666666666,0.08334
2024-02-23,RELIANCE,0.3333333333333333,0.0,0.0008263286219327703,-0.002533175369557883,0.0015941447064931058,0.0018496796446541008,100.49524,100.43909500000001,0.13770072258333846,0.15036157640137554,0.0008781938945188195,54.233003570183136,-0.002533175369557883,0.0015941447064931058,0.019889502762430844,0.21066210795257495,0.00012832335097034964,0.25,0.25,0.08332857142857143,0.08329999999999999,1.5634451377565215,0.16666666666666666,0.0,0.0,1.0,0.16665999999999997
2024-02-24,RELIANCE,0.0,0.3333333333333333,0.0014941214973445138,0.0007982329528057885,0.003598610398089841,0.001184386386418046,100.5113,100.44505000000001,0.13478013412787487,0.15752317958089523,0.002314200650006981,58.61310556969226,0.0007982329528057885,0.003598610398089841,0.03900325027085594,1.3273005206582544,-0.001204837227781641,0.3333,0.0833333333333333,0.05952857142857143,-0.6666,-1.50588936033948,0.16666666666666666,0.06666666666666667,0.3333333333333333,0.6666666666666666,0.1
2024-02-25,RELIANCE,0.0,0.25,0.00215937026644486,0.00413717465903396,0.005605362170782335,0.005195599630978043,100.59443999999999,100.471125,0.16043873493217944,0.1856837545681868,0.00421787851982347,63.985667954762306,0.00413717465903396,0.005605362170782335,-0.040667361835245,0.11760890689376831,-0.0025323381062869466,-0.3333,-0.08333333333333336,0.03571428571428571,0.08329999999999999,-1.1223376596323138,0.14999999999999997,0.11666666666666665,0.6666666666666666,0.3333333333333333,0.03334
2024-02-26,RELIANCE,0.0,0.16666666666666666,-0.001839537974664851,0.0027990146193996868,0.002925843121828864,0.0045254329932691295,100.65065999999999,100.49381000000001,0.1534712021483484,0.18568150405299075,0.0021443111769767764,57.16324530871893,0.0027990146193996868,0.002925843121828864,-0.020652173913043526,-0.47172803314534034,0.0007983373928723836,-0.25,-0.25,0.01190000000000001,0.08330000000000001,-0.7387859589251476,0.11666666666666665,0.15,0.6666666666666666,0.0,-0.033339999999999995
2024-02-27,RELIANCE,0.0,0.08333333333333333,-0.0011736751223571096,0.001461506526502676,0.0002555550915126492,0.0038551047454811194,100.68001999999998,100.513125,0.15284427950613003,0.17374390977592016,0.0007757693336067906,53.26790239298457,0.001461506526502676,0.0002555550915126492,0.0,-0.47172803314534034,0.004138537107159612,-0.1667,-0.16666666666666666,-0.011899999999999992,0.08339999999999999,-0.3547738119986452,0.06666666666666665,0.16666666666666666,0.3333333333333333,0.0,-0.09999999999999999
2024-02-28,RELIANCE,0.0,-0.0,-0.0005060089809137969,0.00012832335097034964,-0.0024051770841395648,0.003186963185286995,100.68260000000001,100.52909500000001,0.14180966743402562,0.15956030199801102,0.00011046553239135726,51.63610118217757,0.00012832335097034964,-0.0024051770841395648,0.019977802441731418,0.08659117320749944,0.0027978858207959867,-0.0833,-0.08333333333333336,-0.035714285714285705,0.0833,0.02877788870852087,0.0,0.16666666666666666,0.0,0.0,-0.16665999999999997
2024-02-29,RELIANCE,0.08333333333333333,0.0,0.00015914032397001954,-0.001204837227781641,-0.0004075660157538685,0.0025173547934922436,100.65834,100.54172,0.14213599747336741,0.15052089765740545,0.00014401981585354662,52.13249835610799,-0.001204837227781641,-0.0004075660157538685,0.03917301414581065,1.203229585913179,0.0014618690841539106,0.0,-1.850371707708594e-17,-0.05952857142857142,0.0833,0.412329589415687,0.016666666666666656,0.1,0.0,0.0,-0.08334
2024-03-01,RELIANCE,0.16666666666666666,0.0,0.0008273980122557312,-0.0025323381062869466,0.0015943598277055049,0.0018506074950099816,100.60724,100.551015,0.13787303499143114,0.15052626025490634,0.0008790065421018234,54.73424946915004,-0.0025323381062869466,0.0015943598277055049,-0.0408376963350785,-0.006462027851307192,0.00012718676780654192,0.0833,0.08333333333333331,-0.08332857142857142,0.08339999999999999,0.7963417363421894,0.04999999999999999,0.05,0.0,0.3333333333333333,5.551115123125783e-18
2024-03-02,RELIANCE,0.25,0.0,0.0014934508751045517,0.0007983373928723836,0.0035995865703057905,0.0011840608718540757,100.62332,100.556975,0.13493869760406013,0.15769530539022786,0.0023143595956423013,59.06298901130928,0.0007983373928723836,0.0035995865703057905,-0.020742358078602585,-0.5957989678904159,-0.0012044881570238974,0.1667,0.16666666666666663,7.93016446160826e-18,0.08330000000000001,1.1798934370493555,0.09999999999999998,0.016666666666666666,0.0,0.6666666666666666,0.08334
2024-03-03,RELIANCE,0.3333333333333333,0.0,0.0021599429306764506,0.004138537107159612,0.0056060921326546165,0.005196785198218201,100.70658,100.58308500000001,0.16063832391766644,0.18589538165609593,0.0042185522545863385,64.37682862157789,0.004138537107159612,0.0056060921326546165,0.0,-0.5957989678904159,-0.0025334777451949675,0.25,0.25,0.08332857142857143,0.08329999999999999,1.5634451377565215,0.16666666666666666,0.0,0.0,1.0,0.16665999999999997
2024-03-04,RELIANCE,0.0,0.3333333333333333,-0.0018404592138794307,0.0027978858207959867,0.002926568205850577,0.004525378285557213,100.76284000000001,100.605795,0.15364675069771172,0.185890237774913,0.002144061383342777,57.5116225669916,0.0027978858207959867,0.002926568205850577,0.018952062430323213,-0.06849749522384495,0.000798440808756018,0.3333,0.0833333333333333,0.05952857142857143,-0.6666,-1.50588936033948,0.16666666666666666,0.06666666666666667,0.3333333333333333,0.6666666666666666,0.1
2024-03-05,RELIANCE,0.0,0.25,-0.001173360840693749,0.0014618690841539106,0.00025527054207752364,0.003854799559394495,100.79224,100.62513,0.1530199874379822,0.17394308234233194,0.0007758499293366583,53.59477652620527,0.0014618690841539106,0.00025527054207752364,0.03938730853391692,1.0481409174818346,0.004137902271228677,-0.3333,-0.08333333333333336,0.03571428571428571,0.08329999999999999,-1.1223376596323138,0.14999999999999997,0.11666666666666665,0.6666666666666666,0.3333333333333333,0.03334
2024-03-06,RELIANCE,0.0,0.16666666666666666,-0.0005064387229005707,0.00012718676780654192,-0.002405473418379045,0.0031864052027010814,100.7948,100.641115,0.14197821272594385,0.1597461449168786,0.00011014385124807902,51.95209247790202,0.00012718676780654192,-0.002405473418379045,-0.040000000000000036,-0.1305329625963827,0.0027987465748389173,-0.25,-0.25,0.01190000000000001,0.08330000000000001,-0.7387859589251476,0.11666666666666665,0.15,0.6666666666666666,0.0,-0.033339999999999995
2024-03-07,RELIANCE,0.0,0.08333333333333333,0.00015995676199831443,-0.0012044881570238974,-0.0004071123520865694,0.00251753962286716,100.77052,100.653755,0.14230415625993992,0.15069999642026446,0.00014450528944487395,52.44759339205059,-0.0012044881570238974,-0.0004071123520865694,-0.02083333333333337,-0.7198699026354913,0.001461234569372749,-0.1667,-0.16666666666666666,-0.011899999999999992,0.08339999999999999,-0.3547738119986452,0.06666666666666665,0.16666666666666666,0.3333333333333333,0.0,-0.09999999999999999
2024-03-08,RELIANCE,0.0,-0.0,0.0008264766565044823,-0.0025334777451949675,0.0015945744703060871,0.0018505370634431806,100.71933999999999,100.66306,0.13802678645010205,0.1507027586797912,0.0008785745237627207,55.02859666165397,-0.0025334777451949675,0.0015945744703060871,0.0,-0.7198699026354913,0.00012704525490958574,-0.0833,-0.08333333333333336,-0.035714285714285705,0.0833,0.02877788870852087,0.0,0.16666666666666666,0.0,0.0,-0.16665999999999997
2024-03-09,RELIANCE,0.08333333333333333,0.0,0.0014937742862390913,0.000798440808756018,0.0035985605757697936,0.0011847283161974254,100.73544,100.66902999999999,0.13509779338591132,0.15788150153305183,0.0023142171927157396,59.328906606360526,0.000798440808756018,0.0035985605757697936,0.01903695408734607,-0.19256842996892046,-0.0012041386692037692,0.0,-1.850371707708594e-17,-0.05952857142857142,0.0833,0.412329589415687,0.016666666666666656,0.1,0.0,0.0,-0.08334
2024-03-10,RELIANCE,0.16666666666666666,0.0,0.002159521119502017,0.004137902271228677,0.0056058204267861456,0.005195969669135936,100.81877999999999,100.695165,0.16080495051793756,0.18610526810330988,0.004218027747409758,64.60603805044943,0.004137902271228677,0.0056058204267861456,0.03956043956043964,0.9240699827367591,-0.0025326369982565655,0.0833,0.08333333333333331,-0.08332857142857142,0.08339999999999999,0.7963417363421894,0.04999999999999999,0.05,0.0,0.3333333333333333,5.551115123125783e-18
2024-03-11,RELIANCE,0.25,0.0,-0.0018394005532047508,0.0027987465748389173,0.002926289306176333,0.0045253146919959075,100.87512,100.71790000000001,0.1538189859686038,0.1861075184431505,0.0021446038886829832,57.72128379842102,0.0027987465748389173,0.002926289306176333,-0.04016913319238902,-0.2546038973414582,0.0007975516650005066,0.1667,0.16666666666666663,7.93016446160826e-18,0.08330000000000001,1.1798934370493555,0.09999999999999998,0.016666666666666666,0.0,0.6666666666666666,0.08334
2024-03-12,RELIANCE,0.3333333333333333,0.0,-0.00117403568077723,0.001461234569372749,0.0002549863726155621,0.003855490788443827,100.90454,100.73726,0.15319218177022165,0.17413970918720362,0.000775681212691115,53.788544008783845,0.001461234569372749,0.0002549863726155621,-0.020925110132158586,-0.8439408373805669,0.004138256655233263,0.25,0.25,0.08332857142857143,0.08329999999999999,1.5634451377565215,0.16666666666666666,0.0,0.0,1.0,0.16665999999999997
2024-03-13,RELIANCE,0.0,0.3333333333333333,-0.0005068670064294345,0.00012704525490958574,-0.002406754356611529,0.0031858452893793743,100.9071,100.75326,0.14212969663877675,0.1599265831561899,0.00010957461823069004,52.13883337802648,0.00012704525490958574,-0.002406754356611529,0.0,-0.8439408373805669,0.0027986102220727282,0.3333,0.0833333333333333,0.05952857142857143,-0.6666,-1.50588936033948,0.16666666666666666,0.06666666666666667,0.3333333333333333,0.6666666666666666,0.1
2024-03-14,RELIANCE,0.0,0.25,0.00016077122552338174,-0.0012041386692037692,-0.00040665929390060196,0.0025187187957897983,100.8828,100.76592,0.1424552935718098,0.15086283627333286,0.00014469177674358846,52.63480419037453,-0.0012041386692037692,-0.00040665929390060196,0.01912260967379087,-0.31663936471399595,0.0014615922723146824,-0.3333,-0.08333333333333336,0.03571428571428571,0.08329999999999999,-1.1223376596323138,0.14999999999999997,0.11666666666666665,0.6666666666666666,0.3333333333333333,0.03334
2024-03-15,RELIANCE,0.0,0.16666666666666666,0.0008265487867196164,-0.0025326369982565655,0.001594785468584936,0.0018504631124134363,100.83158,100.775235,0.13817590077694494,0.15086754830510143,0.0008788369483831993,55.205284557487005,-0.0025326369982565655,0.001594785468584936,0.039735099337748325,0.7999990479916836,0.00012690380493296516,-0.25,-0.25,0.01190000000000001,0.08330000000000001,-0.7387859589251476,0.11666666666666665,0.15,0.6666666666666666,0.0,-0.033339999999999995
2024-03-16,RELIANCE,0.0,0.08333333333333333,0.0014931025799147513,0.0007975516650005066,0.0035985303848300454,0.0011844007972652282,100.84768,100.78121,0.13523496424934442,0.15805154022797052,0.0023138241741689214,59.48607463796039,0.0007975516650005066,0.0035985303848300454,-0.04033970276008492,-0.3786748320865337,-0.0012037887667500913,-0.1667,-0.16666666666666666,-0.011899999999999992,0.08339999999999999,-0.3547738119986452,0.06666666666666665,0.16666666666666666,0.3333333333333333,0.0,-0.09999999999999999
2024-03-17,RELIANCE,0.0,-0.0,0.0021600880666519107,0.004138256655233263,0.005605538188287795,0.005196143752364435,100.93111999999999,100.80737500000001,0.16098821247385064,0.18630976434284274,0.0042181933613487654,64.74326495377693,0.004138256655233263,0.005605538188287795,-0.021017699115044253,-0.9680117721256424,-0.0025327809421076264,-0.0833,-0.08333333333333336,-0.035714285714285705,0.0833,0.02877788870852087,0.0,0.16666666666666666,0.0,0.0,-0.16665999999999997
2024-03-18,RELIANCE,0.08333333333333333,0.0,-0.001840316261757624,0.0027986102220727282,0.0029260110271311923,0.00452525123992098,100.98752,100.83013500000001,0.15398521177183297,0.18630269166349603,0.002143853124861872,57.84190392191455,0.0027986102220727282,0.0029260110271311923,0.0,-0.9680117721256424,0.0007986437900249221,0.0,-1.850371707708594e-17,-0.05952857142857142,0.0833,0.412329589415687,0.016666666666666656,0.1,0.0,0.0,-0.08334
2024-03-19,RELIANCE,0.16666666666666666,0.0,-0.0011727297288470773,0.0014615922723146824,0.0002556936433371071,0.0038551743481711753,101.01698,100.849515,0.15335655222742542,0.17433024098263328,0.0007762555923052084,53.90580617625828,0.0014615922723146824,0.0002556936433371071,0.019209039548022666,-0.4407102994590715,0.004137611242888362,0.0833,0.08333333333333331,-0.08332857142857142,0.08339999999999999,0.7963417363421894,0.04999999999999999,0.05,0.0,0.3333333333333333,5.551115123125783e-18
2024-03-20,RELIANCE,0.25,0.0,-0.000507293332461467,0.00012690380493296516,-0.002406054594595197,0.003186277922196723,101.01953999999999,100.865535,0.14228790219509954,0.16009811555815642,0.00010970050374492502,52.25134321752896,0.00012690380493296516,-0.002406054594595197,0.039911308203991025,0.6759281132466081,0.00279846862404165,0.1667,0.16666666666666663,7.93016446160826e-18,0.08330000000000001,1.1798934370493555,0.09999999999999998,0.016666666666666666,0.0,0.6666666666666666,0.08334
2024-03-21,RELIANCE,0.3333333333333333,0.0,0.00016059224835096586,-0.0012037887667500913,-0.00040719718548476447,0.0025179005439222024,100.99521999999999,100.878205,0.1426134499655701,0.1510302321600704,0.00014467941811613372,52.745533390566074,-0.0012037887667500913,-0.00040719718548476447,-0.04051172707889128,-0.5027457668316092,0.0014609565796568358,0.25,0.25,0.08332857142857143,0.08329999999999999,1.5634451377565215,0.16666666666666666,0.0,0.0,1.0,0.16665999999999997
2024-03-22,RELIANCE,0.0,0.3333333333333333,0.0008266199372006788,-0.0025327809421076264,0.0015949944155357887,0.0018503874899915562,100.94394,100.88753,0.13832837782278276,0.15103559392271568,0.0008788995032389391,55.309899323588546,-0.0025327809421076264,0.0015949944155357887,-0.020000000000000018,-1.061064973184449,0.00012676254404508924,0.3333,0.0833333333333333,0.05952857142857143,-0.6666,-1.50588936033948,0.16666666666666666,0.06666666666666667,0.3333333333333333,0.6666666666666666,0.1
2024-03-23,RELIANCE,0.0,0.25,0.0014934212220303333,0.0007986437900249221,0.0035994891047721467,0.001184071662076125,100.96007999999999,100.89350999999999,0.13537921225610672,0.1582278699917097,0.0023142221932808127,59.581025470918554,0.0007986437900249221,0.0035994891047721467,0.0,-1.061064973184449,-0.0012044261176539228,-0.3333,-0.08333333333333336,0.03571428571428571,0.08329999999999999,-1.1223376596323138,0.14999999999999997,0.11666666666666665,0.6666666666666666,0.3333333333333333,0.03334
2024-03-24,RELIANCE,0.0,0.16666666666666666,0.002159660624758919,0.004137611242888362,0.005605251015821544,0.005196312294500682,101.0436,100.919705,0.16116184032751976,0.18651664092544742,0.004218155413751923,64.82437557432552,0.004137611242888362,0.005605251015821544,0.01927437641723362,-0.5337635005178781,-0.002532922066517007,-0.25,-0.25,0.01190000000000001,0.08330000000000001,-0.7387859589251476,0.11666666666666665,0.15,0.6666666666666666,0.0,-0.033339999999999995
2024-03-25,RELIANCE,0.0,0.08333333333333333,-0.001840241392307873,0.00279846862404165,0.0029257275652909698,0.004525178941682251,101.10006,100.94248999999999,0.15415412921985608,0.1865105327913442,0.0021438940133140516,57.91518887060983,0.00279846862404165,0.0029257275652909698,0.03893214682981094,0.5518571785015326,0.0007987433631642116,-0.1667,-0.16666666666666666,-0.011899999999999992,0.08339999999999999,-0.3547738119986452,0.06666666666666665,0.16666666666666666,0.3333333333333333,0.0,-0.09999999999999999
2024-03-26,RELIANCE,0.0,-0.0,-0.0011734014505891954,0.0014609565796568358,0.0002554091297874983,0.0038548586121316397,101.12953999999999,100.96189,0.15352448085630777,0.17452026846549384,0.0007756392040600968,53.97228695693251,0.0014609565796568358,0.0002554091297874983,-0.0406852248394004,-0.6268167015766847,0.004137956971581591,-0.0833,-0.08333333333333336,-0.035714285714285705,0.0833,0.02877788870852087,0.0,0.16666666666666666,0.0,0.0,-0.16665999999999997
2024-03-27,RELIANCE,0.08333333333333333,0.0,-0.0005067290048910156,0.00012676254404508924,-0.002406339459818274,0.0031857099007335243,101.13210000000001,100.977925,0.14244046553629866,0.1602771608479454,0.00010967743692491538,52.317749971383776,0.00012676254404508924,-0.002406339459818274,-0.0200892857142857,-1.1851359079295245,0.0027983245700027304,0.0,-1.850371707708594e-17,-0.05952857142857142,0.0833,0.412329589415687,0.016666666666666656,0.1,0.0,0.0,-0.08334
2024-03-28,RELIANCE,0.16666666666666666,0.0,0.00016041351038231788,-0.0012044261176539228,-0.0004067442350684791,0.0025180766539456556,101.10774,100.99061,0.14276758463389824,0.15119594432044542,0.00014446887685903853,52.810673080248456,-0.0012044261176539228,-0.0004067442350684791,0.0,-1.1851359079295245,0.0014613109028049909,0.0833,0.08333333333333331,-0.08332857142857142,0.08339999999999999,0.7963417363421894,0.04999999999999999,0.05,0.0,0.3333333333333333,5.551115123125783e-18
2024-03-29,RELIANCE,0.25,0.0,0.0008266901110041136,-0.002532922066517007,0.0015942089295515327,0.0018503102019782336,101.05640000000001,100.999945,0.13848264231375138,0.1512006560658397,0.0008787628547719528,55.37155936904638,-0.002532922066517007,0.0015942089295515327,0.019362186788154823,-0.6578344352629536,0.0001276107022842865,0.1667,0.16666666666666663,7.93016446160826e-18,0.08330000000000001,1.1798934370493555,0.09999999999999998,0.016666666666666666,0.0,0.6666666666666666,0.08334
2024-03-30,RELIANCE,0.3333333333333333,0.0,0.0014937376779007305,0.0007987433631642116,0.0035994472454463633,0.0011847321842684,101.07256,101.005935,0.1355365260321633,0.15840434362400022,0.0023143689526758937,59.63736601825799,0.0007987433631642116,0.0035994472454463633,0.03910614525139655,0.4277862437564571,-0.001205060860512197,0.25,0.25,0.08332857142857143,0.08329999999999999,1.5634451377565215,0.16666666666666666,0.0,0.0,1.0,0.16665999999999997
2024-03-31,RELIANCE,0.0,0.3333333333333333,0.0021592320008849697,0.004137956971581591,0.00560495892670243,0.00519547941771803,101.15617999999999,101.032155,0.16134254932349307,0.1867227144161852,0.004217914583728222,64.87215160477126,0.004137956971581591,0.00560495892670243,-0.04086021505376347,-0.7508876363217603,-0.002533060380471519,0.3333,0.0833333333333333,0.05952857142857143,-0.6666,-1.50588936033948,0.16666666666666666,0.06666666666666667,0.3333333333333333,0.6666666666666666,0.1
2024-04-01,RELIANCE,0.0,0.25,-0.0018401648756187772,0.0027983245700027304,0.002925441836789222,0.004525102315717788,101.21270000000001,101.054965,0.15432832245279884,0.1867149989041831,0.0021437343528842856,57.958387803026405,0.0027983245700027304,0.002925441836789222,-0.020179372197309364,-1.3092068426746,0.0007988419260680502,-0.3333,-0.08333333333333336,0.03571428571428571,0.08329999999999999,-1.1223376596323138,0.14999999999999997,0.11666666666666665,0.6666666666666666,0.3333333333333333,0.03334
2024-04-02,RELIANCE,0.0,0.16666666666666666,-0.0011730830756105926,0.0014613109028049909,0.00025512474413358355,0.0038555321676425613,101.24222,101.07439,0.15369938769481764,0.17470671032212204,0.0007757652556696915,54.013663322966316,0.0014613109028049909,0.00025512474413358355,0.0,-1.3092068426746,0.00413829374965391,-0.25,-0.25,0.01190000000000001,0.08330000000000001,-0.7387859589251476,0.11666666666666665,0.15,0.6666666666666666,0.0,-0.033339999999999995
2024-04-03,RELIANCE,0.0,0.08333333333333333,-0.0005061649306791205,0.0001276107022842865,-0.0024056345921965594,0.0031861322378834434,101.2448,101.090445,0.14259862863601122,0.16045003313049586,0.00011034672960441583,52.35966360862831,0.0001276107022842865,-0.0024056345921965594,0.0194508009153318,-0.7819053700080291,0.0027981753008854415,-0.1667,-0.16666666666666666,-0.011899999999999992,0.08339999999999999,-0.3547738119986452,0.06666666666666665,0.16666666666666666,0.3333333333333333,0.0,-0.09999999999999999
2024-04-04,RELIANCE,0.0,-0.0,0.00015924574883086073,-0.001205060860512197,-0.00040728003171253135,0.002517255943162988,101.2204,101.10314,0.14292698058015368,0.15136078682892537,0.00014401135315877944,52.84861629622282,-0.001205060860512197,-0.00040728003171253135,0.03928170594837255,0.30371530901138155,0.001461662992730206,-0.0833,-0.08333333333333336,-0.035714285714285705,0.0833,0.02877788870852087,0.0,0.16666666666666666,0.0,0.0,-0.16665999999999997
2024-04-05,RELIANCE,0.08333333333333333,0.0,0.0008267593111790372,-0.002533060380471519,0.00159441489624923,0.0018502312541579524,101.16900000000001,101.11248499999999,0.13863123305287617,0.15136322391066065,0.000878378174564709,55.40788103469675,-0.002533060380471519,0.00159441489624923,-0.04103671706263501,-0.8749585710668357,0.00012746871828728246,0.0,-1.850371707708594e-17,-0.05952857142857142,0.0833,0.412329589415687,0.016666666666666656,0.1,0.0,0.0,-0.08334
2024-04-06,RELIANCE,0.16666666666666666,0.0,0.001494051953878195,0.0007988419260680502,0.00359940191506003,0.0011844010723818243,101.18518,101.11848,0.13568208921342378,0.15857365414680574,0.0023143148512516643,59.67136372868489,0.0007988419260680502,0.00359940191506003,-0.020270270270270285,-1.4332777774196754,-0.0012047063466614771,0.0833,0.08333333333333331,-0.08332857142857142,0.08339999999999999,0.7963417363421894,0.04999999999999999,0.05,0.0,0.3333333333333333,5.551115123125783e-18
2024-04-07,RELIANCE,0.25,0.0,0.002159788855726319,0.00413829374965391,0.005605651986234417,0.005196627684536548,101.2689,101.144735,0.16152732276612164,0.1869289965820006,0.004218360945826838,64.90318348448037,0.00413829374965391,0.005605651986234417,0.0,-1.4332777774196754,-0.002533193398929212,0.1667,0.16666666666666663,7.93016446160826e-18,0.08330000000000001,1.1798934370493555,0.09999999999999998,0.016666666666666666,0.0,0.6666666666666666,0.08334
2024-04-08,RELIANCE,0.3333333333333333,0.0,-0.0018400849057903512,0.0027981753008854415,0.0029261430802849375,0.004525016893264233,101.32548,101.16757,0.15450752732470138,0.18692867511150332,0.0021442642143130186,57.98626587347242,0.0027981753008854415,0.0029261430802849375,0.019540229885057547,-0.9059763047531046,0.000797952349718134,0.25,0.25,0.08332857142857143,0.08329999999999999,1.5634451377565215,0.16666666666666666,0.0,0.0,1.0,0.16665999999999997
2024-04-09,RELIANCE,0.0,0.3333333333333333,-0.0011737494390168246,0.001461662992730206,0.00025484073935433393,0.0038552052705980167,101.35504,101.187015,0.15387857983919276,0.1749088251963648,0.0007756430012288984,54.03747618533138,0.001461662992730206,0.00025484073935433393,0.03945885005636973,0.17964437426630606,0.004138625691869402,0.3333,0.0833333333333333,0.05952857142857143,-0.6666,-1.50588936033948,0.16666666666666666,0.06666666666666667,0.3333333333333333,0.6666666666666666,0.1
2024-04-10,RELIANCE,0.0,0.25,-0.0005065891147527646,0.00012746871828728246,-0.0024059145481443167,0.003185559326334575,101.35762,101.20308500000002,0.1427728300482679,0.16063697311507028,0.00010982866777231592,52.38143423503628,0.00012746871828728246,-0.0024059145481443167,-0.04013015184381774,-0.9680117721256424,0.0027990143675491463,-0.3333,-0.08333333333333336,0.03571428571428571,0.08329999999999999,-1.1223376596323138,0.14999999999999997,0.11666666666666665,0.6666666666666666,0.3333333333333333,0.03334
2024-04-11,RELIANCE,0.0,0.16666666666666666,0.00016005659284967777,-0.0012047063466614771,-0.0004068267905316114,0.002517424898144327,101.3332,101.215795,0.14310110217757116,0.15153928264381863,0.0001442956605735013,52.87260447944765,-0.0012047063466614771,-0.0004068267905316114,-0.02033898305084747,-1.5263309784784822,0.001462011411591746,-0.25,-0.25,0.01190000000000001,0.08330000000000001,-0.7387859589251476,0.11666666666666665,0.15,0.6666666666666666,0.0,-0.033339999999999995
2024-04-12,RELIANCE,0.0,0.08333333333333333,0.0008268267239879279,-0.002533193398929212,0.0015946172523153557,0.0018501488227673502,101.28174,101.22515000000001,0.13880275213407184,0.15154431868700352,0.0008787341880944766,55.43053245016661,-0.002533193398929212,0.0015946172523153557,0.0,-1.5263309784784822,0.00012732679854043916,-0.1667,-0.16666666666666666,-0.011899999999999992,0.08339999999999999,-0.3547738119986452,0.06666666666666665,0.16666666666666666,0.3333333333333333,0.0,-0.09999999999999999
2024-04-13,RELIANCE,0.0,-0.0,0.0014933755518728997,0.000797952349718134,0.0035983604611597997,0.001184069528562759,101.29792,101.23115,0.13585636205605717,0.15875965449297574,0.0023140110529220603,59.68973841013487,0.000797952349718134,0.0035983604611597997,0.019607843137254832,-0.9990295058119113,-0.001204351434085038,-0.0833,-0.08333333333333336,-0.035714285714285705,0.0833,0.02877788870852087,0.0,0.16666666666666666,0.0,0.0,-0.16665999999999997
2024-04-14,RELIANCE,0.08333333333333333,0.0,0.0021603423433012026,0.004138625691869402,0.0056063379606141606,0.005196774579399266,101.38174000000001,101.257435,0.1617245288205259,0.18714851202353466,0.004218603799316156,64.92014332333598,0.004138625691869402,0.0056063379606141606,0.039592760180995556,0.08659117320749944,-0.002533323630126816,0.0,-1.850371707708594e-17,-0.05952857142857142,0.0833,0.412329589415687,0.016666666666666656,0.1,0.0,0.0,-0.08334
2024-04-15,RELIANCE,0.16666666666666666,0.0,-0.0018400033043352026,0.0027990143675491463,0.0029268398726103317,0.004525921365951424,101.4384,101.28030000000001,0.154693348632421,0.18714626140504562,0.002144543410712574,58.00212766523709,0.0027990143675491463,0.0029268398726103317,-0.040261153427638696,-1.061064973184449,0.0007980492130348349,0.0833,0.08333333333333331,-0.08332857142857142,0.08339999999999999,0.7963417363421894,0.04999999999999999,0.05,0.0,0.3333333333333333,5.551115123125783e-18
2024-04-16,RELIANCE,0.25,0.0,-0.0011734279169437478,0.001462011411591746,0.00025554377050385213,0.003855865490300925,101.468,101.29977,0.15406225292971235,0.17511455528788816,0.000776211041742858,54.05347996844068,0.001462011411591746,0.00025554377050385213,-0.020408163265306145,-1.6193841795372887,0.004137962327280809,0.1667,0.16666666666666663,7.93016446160826e-18,0.08330000000000001,1.1798934370493555,0.09999999999999998,0.016666666666666666,0.0,0.6666666666666666,0.08334
2024-04-17,RELIANCE,0.3333333333333333,0.0,-0.0005070113554761502,0.00012732679854043916,-0.002406189143794424,0.0031859745834867947,101.47058,101.31586,0.1429404631306315,0.1608250550000833,0.00010995317021444961,52.39566572761228,0.00012732679854043916,-0.002406189143794424,0.0,-1.6193841795372887,0.0027988591392225093,0.25,0.25,0.08332857142857143,0.08329999999999999,1.5634451377565215,0.16666666666666666,0.0,0.0,1.0,0.16665999999999997
2024-04-18,RELIANCE,0.0,0.3333333333333333,0.00015987841345355136,-0.001204351434085038,-0.00040736009942354823,0.0025175909869252777,101.44614,101.328585,0.14326898594368734,0.1517158988823326,0.00014423373226812863,52.88611903337928,-0.001204351434085038,-0.00040736009942354823,0.01967592592592582,-1.092082706870718,0.0014613708665209835,0.3333,0.0833333333333333,0.05952857142857143,-0.6666,-1.50588936033948,0.16666666666666666,0.06666666666666667,0.3333333333333333,0.6666666666666666,0.1
2024-04-19,RELIANCE,0.0,0.25,0.0008268931709281002,-0.002533323630126816,0.0015948175834810119,0.0018500647473274068,101.39462,101.33795,0.13896396655248566,0.15172125930898867,0.0008787428599059677,55.443391394871256,-0.002533323630126816,0.0015948175834810119,0.03972758229284912,-0.006462027851307192,0.00012718506906428395,-0.3333,-0.08333333333333336,0.03571428571428571,0.08329999999999999,-1.1223376596323138,0.14999999999999997,0.11666666666666665,0.6666666666666666,0.3333333333333333,0.03334
2024-04-20,RELIANCE,0.0,0.16666666666666666,0.0014936851134312867,0.0007980492130348349,0.003599297331797313,0.0011847231818393755,101.41081999999999,101.34396,0.1360065639755915,0.15894806301692327,0.0023142967770355405,59.70197487822895,0.0007980492130348349,0.003599297331797313,-0.04039301310043664,-1.1541181742432556,-0.00120399493987422,-0.25,-0.25,0.01190000000000001,0.08330000000000001,-0.7387859589251476,0.11666666666666665,0.15,0.6666666666666666,0.0,-0.033339999999999995
2024-04-21,RELIANCE,0.0,0.08333333333333333,0.002159905885595892,0.004137962327280809,0.0056060234870156656,0.0051969160159413,101.49472,101.370275,0.1618992636041312,0.18736415675585208,0.00421844569327634,64.92957899365706,0.004137962327280809,0.0056060234870156656,-0.020477815699658675,-1.7124373805960955,-0.002533451082979088,-0.1667,-0.16666666666666666,-0.011899999999999992,0.08339999999999999,-0.3547738119986452,0.06666666666666665,0.16666666666666666,0.3333333333333333,0.0,-0.09999999999999999
2024-04-22,RELIANCE,0.0,-0.0,-0.0018399200769366741,0.0027988591392225093,0.0029265423075366392,0.004525826274705214,101.55144,101.393165,0.1548612960038937,0.1873615847695505,0.0021444739396390133,58.01102542791723,0.0027988591392225093,0.0029265423075366392,0.0,-1.7124373805960955,0.000798145075415313,-0.0833,-0.08333333333333336,-0.035714285714285705,0.0833,0.02877788870852087,0.0,0.16666666666666666,0.0,0.0,-0.16665999999999997
2024-04-23,RELIANCE,0.08333333333333333,0.0,-0.0011740901047726515,0.0014613708665209835,0.0002552594283371512,0.003854538404931107,101.58106000000001,101.41265000000001,0.15422902162406674,0.17532074816413198,0.0007755442738157647,54.05977713286257,0.0014613708665209835,0.0002552594283371512,0.019744483159117365,-1.1851359079295245,0.0041382857446894405,0.0,-1.850371707708594e-17,-0.05952857142857142,0.0833,0.412329589415687,0.016666666666666656,0.1,0.0,0.0,-0.08334
2024-04-24,RELIANCE,0.16666666666666666,0.0,-0.0005064473506596334,0.00012718506906428395,-0.0024064607620033485,0.0031863857662901562,101.58363999999999,101.42876,0.14309367599973255,0.1610110077962619,0.00010983078172310812,52.40365368626602,0.00012718506906428395,-0.0024064607620033485,0.03986332574031892,-0.09951522891011381,0.002798701497142675,0.0833,0.08333333333333331,-0.08332857142857142,0.08339999999999999,0.7963417363421894,0.04999999999999999,0.05,0.0,0.3333333333333333,5.551115123125783e-18
2024-04-25,RELIANCE,0.25,0.0,0.00016068627827903192,-0.00120399493987422,-0.00040690657405362263,0.002518742348171399,101.55918,101.441505,0.1434208879874768,0.15188855843742696,0.00014486180976902574,52.8964655109883,-0.00120399493987422,-0.00040690657405362263,-0.04052573932092007,-1.2471713753020623,,0.1667,0.16666666666666663,7.93016446160826e-18,0.08330000000000001,1.1798934370493555,0.09999999999999998,0.016666666666666666,0.0,0.6666666666666666,0.08334
2024-04-26,RELIANCE,0.3333333333333333,0.0,0.0008259721929266828,-0.002533451082979088,0.0015940279191624107,0.00184997903357087,101.5076,101.45088,0.1391146385779452,0.1518922942503044,0.0008784546767854895,55.45030354713722,-0.002533451082979088,0.0015940279191624107,-0.020547945205479423,-1.805490581654902,,0.25,0.25,0.08332857142857143,0.08329999999999999,1.5634451377565215,0.16666666666666666,0.0,0.0,1.0,0.16665999999999997
2024-04-27,RELIANCE,0.0,0.3333333333333333,0.0014939925152648303,0.000798145075415313,0.0035992381102765147,0.0011843885188154157,101.52382,101.456895,0.13615722978317413,0.1591258537827679,0.0023143326040087064,59.70897747942031,0.000798145075415313,0.0035992381102765147,0.0,-1.805490581654902,,0.3333,0.0833333333333333,0.05952857142857143,-0.6666,-1.50588936033948,0.16666666666666666,0.06666666666666667,0.3333333333333333,0.6666666666666666,0.1
2024-04-28,RELIANCE,0.0,0.25,0.0021594682751886474,0.0041382857446894405,0.005605704181435023,0.005196060541798664,101.60781999999999,101.48323500000001,0.16207049357886016,0.18756986985904167,0.004218085873986865,64.93461928007267,0.0041382857446894405,0.005605704181435023,0.019813519813519864,-1.278189108988331,,-0.3333,-0.08333333333333336,0.03571428571428571,0.08329999999999999,-1.1223376596323138,0.14999999999999997,0.11666666666666665,0.6666666666666666,0.3333333333333333,0.03334
2024-04-29,RELIANCE,0.0,0.16666666666666666,-0.0018398352292631204,0.002798701497142675,0.0029262425192502217,0.004525726925754592,101.66460000000001,101.50615,0.15502345198928363,0.18756440437744393,0.0021442050555555703,58.01581045040777,0.002798701497142675,0.0029262425192502217,0.040000000000000036,-0.19256842996892046,,-0.25,-0.25,0.01190000000000001,0.08330000000000001,-0.7387859589251476,0.11666666666666665,0.15,0.6666666666666666,0.0,-0.033339999999999995
2024-01-01,TCS,0.0,0.3333333333333333,0.0,0.0,0.0,0.0,99.816,99.816,0.0,0.0,0.0,50.0,0.0,0.0,0.0,1.3583182543445234,0.0007984691832974011,0.0,-0.3333,-0.3333,0.0,-1.50588936033948,0.0,0.3333333333333333,1.0,0.0,-0.3333
2024-01-02,TCS,0.0,0.25,-0.0011731586118458592,0.0,0.0,0.0,99.75745,99.75745,0.08280220407695522,0.08280220407695522,-0.0005869235831510444,50.0,0.0,0.0,-0.02083333333333337,0.7379635806191458,0.004137457885693863,-0.3333,-0.29164999999999996,-0.29164999999999996,0.08329999999999999,-1.1223376596323138,0.0,0.29166666666666663,1.0,0.0,-0.29164999999999996
2024-01-03,TCS,0.0,0.16666666666666666,-0.000506525147218273,0.0,0.0,0.0,99.72109999999999,99.72109999999999,0.08597714812670802,0.08597714812670802,-0.0007290332738005834,50.0,0.0,0.0,0.0,0.7379635806191458,0.002797837195579689,-0.25,-0.25,-0.25,0.08330000000000001,-0.7387859589251476,0.0,0.25,0.6666666666666666,0.0,-0.25
2024-01-04,TCS,0.0,0.08333333333333333,0.00015956101653413768,0.0,0.0,0.0,99.70689999999999,99.70689999999999,0.07572718578336451,0.07572718578336451,-0.000427252276422152,50.0,0.0,0.0,0.01914893617021285,1.2962827869719857,0.0014619076238935325,-0.1667,-0.16666666666666666,-0.20832499999999998,0.08339999999999999,-0.3547738119986452,0.0,0.20833333333333331,0.3333333333333333,0.0,-0.20832499999999998
2024-01-05,TCS,0.0,-0.0,0.0008267754853041875,0.0,0.0,0.0,99.71486,99.71486,0.0679541242309926,0.0679541242309926,0.0003193104819081416,50.0,0.0,0.0,0.039665970772442494,2.474956667050203,0.00012732250791258615,-0.0833,-0.08333333333333333,-0.16665999999999997,0.0833,0.02877788870852087,0.0,0.16666666666666666,0.0,0.0,-0.16665999999999997
2024-01-06,TCS,0.08333333333333333,0.0,0.001493783754249467,0.0007984691832974011,0.0,0.0,99.7308,99.745,0.0956280711925168,0.0956280711925168,0.001510852674319496,50.0,0.0007984691832974011,0.0,-0.04016064257028118,1.234247319599448,-0.0012042560390487234,0.0,0.0,-0.125,0.0833,0.412329589415687,0.016666666666666666,0.1,0.0,0.0,-0.08334
2024-01-07,TCS,0.16666666666666666,0.0,0.0021592520999402787,0.004137457885693863,0.0,0.0,99.8133,99.79734285714287,0.16370409134719274,0.16370409134719274,0.003146948945391248,50.0,0.004137457885693863,0.0,-0.02092050209205021,0.6138926458740703,-0.0025321791524242077,0.0833,0.08333333333333333,-0.08332857142857142,0.08339999999999999,0.7963417363421894,0.05,0.05,0.0,0.3333333333333333,0.0
2024-01-08,TCS,0.25,0.0,-0.0018399502953709845,0.002797837195579689,0.0,0.0,99.86906,99.813575,0.15836178967342918,0.15836178967342918,0.001138372210393257,50.0,0.002797837195579689,0.0,0.0,0.6138926458740703,0.0007985813672353181,0.1667,0.16666666666666666,0.0,0.08330000000000001,1.1798934370493555,0.1,0.016666666666666666,0.0,0.6666666666666666,0.08334
2024-01-09,TCS,0.3333333333333333,0.0,-0.0011728538375936903,0.0014619076238935325,0.0,0.0,99.8982,99.81317777777778,0.1481386831467205,0.1481386831467205,-3.1837256848521456e-05,50.0,0.0014619076238935325,0.0,0.019230769230769162,1.17221185222691,0.0041378619376815085,0.25,0.25,0.08332857142857142,0.08329999999999999,1.5634451377565215,0.16666666666666666,0.0,0.0,1.0,0.16665999999999997
2024-01-10,TCS,0.0,0.3333333333333333,-0.000506963230137325,0.00012732250791258615,0.0,0.0,99.90074,99.8078,0.140698021781877,0.140698021781877,-0.0004849320393797152,50.0,0.00012732250791258615,0.0,0.0398322851153039,2.3508857323051275,0.002798733753410776,0.3333,0.0833333333333333,0.059528571428571424,-0.6666,-1.50588936033948,0.16666666666666666,0.06666666666666667,0.3333333333333333,0.6666666666666666,0.1
2024-01-11,TCS,0.0,0.25,0.0001603858884475784,-0.0012042560390487234,-0.0004067484170874325,0.0,99.87668,99.80485454545455,0.1410205201774246,0.1338348711183784,-0.0002951213704852629,50.0,-0.0012042560390487234,-0.0004067484170874325,-0.040322580645161255,1.1101763848543724,0.0014612820394606096,-0.3333,-0.08333333333333336,0.03571428571428571,0.08329999999999999,-1.1223376596323138,0.14999999999999997,0.11666666666666665,0.6666666666666666,0.3333333333333333,0.03334
2024-01-12,TCS,0.0,0.16666666666666666,0.0008268571210938713,-0.0025321791524242077,0.001594801948667568,0.0,99.82598,99.809275,0.1367864775642828,0.1285220400270995,0.00048717917247675935,50.0,-0.0025321791524242077,0.001594801948667568,-0.021008403361344574,0.4898217111289948,0.00012718072380857315,-0.25,-0.25,0.011900000000000003,0.08330000000000001,-0.7387859589251476,0.11666666666666665,0.15,0.6666666666666666,0.0,-0.033339999999999995
2024-01-13,TCS,0.0,0.08333333333333333,0.0014931217259726015,0.0007985813672353181,0.0035986528634679438,0.0,99.84194,99.82448461538462,0.1338805852657827,0.13471727089324073,0.0018283629043376326,50.0,0.0007985813672353181,0.0035986528634679438,0.0,0.4898217111289948,-0.001204915655904193,-0.1667,-0.16666666666666666,-0.011899999999999999,0.08339999999999999,-0.3547738119986452,0.06666666666666665,0.16666666666666666,0.3333333333333333,0.0,-0.09999999999999999
2024-01-14,TCS,0.0,-0.0,0.002159848810583176,0.0041378619376815085,0.005605818733488421,0.0,99.92454000000001,99.85294999999999,0.15937389337304214,0.16762034367994574,0.00370594959888515,50.0,0.0041378619376815085,0.005605818733488421,0.0193133047210301,1.0481409174818346,-0.00253335062809934,-0.0833,-0.08333333333333336,-0.03571428571428571,0.0833,0.02877788870852087,0.0,0.16666666666666666,0.0,0.0,-0.16665999999999997
2024-01-15,TCS,0.08333333333333333,0.0,-0.0018398970296239492,0.002798733753410776,0.0029264126031236515,0.0,99.98038,99.86532666666668,0.1524434481664588,0.16848563510903045,0.0017350700099514338,38.19230314739198,0.002798733753410776,0.0029264126031236515,0.040000000000000036,2.226814797560052,0.0007976920908527863,0.0,-1.850371707708594e-17,-0.05952857142857143,0.0833,0.412329589415687,0.016666666666666656,0.1,0.0,0.0,-0.08334
2024-01-16,TCS,0.16666666666666666,0.0,-0.0011735470108538149,0.0014612820394606096,0.0002552662426911212,0.0,100.00953999999999,99.86881875,0.1518216823191372,0.1633708346829326,0.0005245005463729857,35.54785249347482,0.0014612820394606096,0.0002552662426911212,-0.04048582995951422,0.9861054501092968,0.004138260949628325,0.0833,0.08333333333333331,-0.08332857142857142,0.08339999999999999,0.7963417363421894,0.04999999999999999,0.05,0.0,0.3333333333333333,5.551115123125783e-18
2024-01-17,TCS,0.25,0.0,-0.0005063990424454268,0.00012718072380857315,-0.0024053204729931332,0.0,100.01208,99.86892352941176,0.14086483710751085,0.15818372043849174,1.6786709308380665e-05,34.44096857357101,0.00012718072380857315,-0.0024053204729931332,-0.020042194092827037,0.3967685100701882,0.0027986214161124234,0.1667,0.16666666666666663,7.93016446160826e-18,0.08330000000000001,1.1798934370493555,0.09999999999999998,0.016666666666666666,0.0,0.6666666666666666,0.08334
2024-01-18,TCS,0.3333333333333333,0.0,0.0001592060125803485,-0.001204915655904193,-0.0004072965118606664,0.0,99.98798000000001,99.8699,0.14119014916846956,0.15351665937571937,0.00016621624733770268,35.124565777179825,-0.001204915655904193,-0.0004072965118606664,0.0,0.3967685100701882,0.0014616589829457016,0.25,0.25,0.08332857142857143,0.08329999999999999,1.5634451377565215,0.16666666666666666,0.0,0.0,1.0,0.16665999999999997
2024-01-19,TCS,0.0,0.3333333333333333,0.0008269385752830427,-0.00253335062809934,0.001594028654443358,0.0,99.93719999999999,99.87512105263158,0.1369489690034312,0.15091717956454667,0.000940964540297129,38.70052151755965,-0.00253335062809934,0.001594028654443358,0.019375672766415608,0.955087716423028,0.00012803956422535734,0.3333,0.0833333333333333,0.05952857142857143,-0.6666,-1.50588936033948,0.16666666666666666,0.06666666666666667,0.3333333333333333,0.6666666666666666,0.1
2024-01-20,TCS,0.0,0.25,0.001493461479597169,0.0007976920908527863,0.0035986583720430954,0.0,99.95316,99.88728499999999,0.1340284468146398,0.15664128068867286,0.002313757952275841,44.64029728531449,0.0007976920908527863,0.0035986583720430954,0.03907074973600855,2.1027438628149766,-0.001203574967238663,-0.3333,-0.08333333333333336,0.03571428571428571,0.08329999999999999,-1.1223376596323138,0.14999999999999997,0.11666666666666665,0.6666666666666666,0.3333333333333333,0.03334
2024-01-21,TCS,0.0,0.16666666666666666,0.0021604420366285737,0.004138260949628325,0.005605590155489226,0.005196561673479261,100.03586,99.91322,0.15956224142595515,0.1846532272011176,0.00421846078026511,51.91047683247738,0.004138260949628325,0.005605590155489226,-0.04065040650406504,0.8620345153642214,-0.0025335203075306234,-0.25,-0.25,0.01190000000000001,0.08330000000000001,-0.7387859589251476,0.11666666666666665,0.15,0.6666666666666666,0.0,-0.033339999999999995
2024-01-22,TCS,0.0,0.08333333333333333,-0.001839842048663165,0.0027986214161124234,0.0029261580706183565,0.004525626661878945,100.09176,99.93578,0.15263413627213104,0.1846532272011176,0.0021445772475083835,46.3196445307366,0.0027986214161124234,0.0029261580706183565,-0.0201271186440678,0.2726975753251127,0.0007978024984498511,-0.1667,-0.16666666666666666,-0.011899999999999992,0.08339999999999999,-0.3547738119986452,0.06666666666666665,0.16666666666666666,0.3333333333333333,0.0,-0.09999999999999999
2024-01-23,TCS,0.0,-0.0,-0.001174237469558137,0.0014616589829457016,0.0002549821512494166,0.0038545526069662106,100.12096,99.954985,0.15201203205296854,0.1727837598210342,0.0007754990909158987,43.13260504215097,0.0014616589829457016,0.0002549821512494166,0.0,0.2726975753251127,0.004138654937145381,-0.0833,-0.08333333333333336,-0.035714285714285705,0.0833,0.02877788870852087,0.0,0.16666666666666666,0.0,0.0,-0.16665999999999997
2024-01-24,TCS,0.08333333333333333,0.0,-0.0005058356034288725,0.00012803956422535734,-0.002405635432984443,0.003186697744327782,100.12352,99.97086499999999,0.14103586777832558,0.15868099171475156,0.00011038215984227051,41.79992585095653,0.00012803956422535734,-0.002405635432984443,0.019459459459459483,0.8310167816779525,0.0027975063486491702,0.0,-1.850371707708594e-17,-0.05952857142857142,0.0833,0.412329589415687,0.016666666666666656,0.1,0.0,0.0,-0.08334
2024-01-25,TCS,0.16666666666666666,0.0,0.00016002896524280885,-0.001203574967238663,-0.00040684295861803665,0.002518379054144093,100.09942,99.983425,0.14135854688614827,0.14969079666185678,0.00014477399628987087,42.40589720498105,-0.001203574967238663,-0.00040684295861803665,0.03923647932131491,1.978672928069901,0.0014610306816442709,0.0833,0.08333333333333331,-0.08332857142857142,0.08339999999999999,0.7963417363421894,0.04999999999999999,0.05,0.0,0.3333333333333333,5.551115123125783e-18
2024-01-26,TCS,0.25,0.0,0.0008260173463643383,-0.0025335203075306234,0.0015942562739439392,0.0018499294764438012,100.04857999999999,99.992665,0.1371120044991036,0.1496943703016196,0.0008784144316984488,45.55736203464969,-0.0025335203075306234,0.0015942562739439392,-0.04081632653061229,0.7379635806191458,0.00012789704288040937,0.1667,0.16666666666666663,7.93016446160826e-18,0.08330000000000001,1.1798934370493555,0.09999999999999998,0.016666666666666666,0.0,0.6666666666666666,0.08334
2024-01-27,TCS,0.3333333333333333,0.0,0.0014937974930182563,0.0007978024984498511,0.003598656661720323,0.0011846802661834577,100.06456,99.998595,0.134200672294987,0.15682479152493986,0.002314082512859361,50.804316279695385,0.0007978024984498511,0.003598656661720323,-0.02021276595744681,0.1486266405800372,-0.0012042302703780816,0.25,0.25,0.08332857142857143,0.08329999999999999,1.5634451377565215,0.16666666666666666,0.0,0.0,1.0,0.16665999999999997
2024-01-28,TCS,0.0,0.3333333333333333,0.002160031926568884,0.004138654937145381,0.005606363222257382,0.0051967832582120455,100.14736,100.02456,0.15974604289997738,0.18486471696607532,0.004218363969809014,57.232436841139,0.004138654937145381,0.005606363222257382,0.0,0.1486266405800372,-0.002533687087155956,0.3333,0.0833333333333333,0.05952857142857143,-0.6666,-1.50588936033948,0.16666666666666666,0.06666666666666667,0.3333333333333333,0.6666666666666666,0.1
2024-01-29,TCS,0.0,0.25,-0.001840780913222484,0.0027975063486491702,0.0029259041043683265,0.004524596733794128,100.2033,100.04714,0.1527924187327356,0.1848582882557425,0.002143589511904187,51.092323853528704,0.0027975063486491702,0.0029259041043683265,0.019543973941368087,0.706945846932877,0.0007989100513057235,-0.3333,-0.08333333333333336,0.03571428571428571,0.08329999999999999,-1.1223376596323138,0.14999999999999997,0.11666666666666665,0.6666666666666666,0.3333333333333333,0.03334
2024-01-30,TCS,0.0,0.16666666666666666,-0.001172931610905814,0.0014610306816442709,0.00025569725445073743,0.003855275793559265,100.23252,100.06637,0.15216767834632455,0.17297259320482608,0.000775785111421623,47.59488972156586,0.0014610306816442709,0.00025569725445073743,0.03940362087326954,1.8546019933248254,0.004138041220642208,-0.25,-0.25,0.01190000000000001,0.08330000000000001,-0.7387859589251476,0.11666666666666665,0.15,0.6666666666666666,0.0,-0.033339999999999995
2024-01-31,TCS,0.0,0.08333333333333333,-0.0005062709698034906,0.00012789704288040937,-0.002405947294405575,0.0031861561066153232,100.23508,100.082265,0.1411770917047133,0.15885768299761766,0.00011025929519070665,46.128830045862905,0.00012789704288040937,-0.002405947294405575,-0.040983606557377095,0.6138926458740703,0.002798389102967036,-0.1667,-0.16666666666666666,-0.011899999999999992,0.08339999999999999,-0.3547738119986452,0.06666666666666665,0.16666666666666666,0.3333333333333333,0.0,-0.09999999999999999
2024-02-01,TCS,0.0,-0.0,0.0001598508591484915,-0.0012042302703780816,-0.0004073885098466734,0.0025175774775956228,100.21094000000001,100.094835,0.1415007204535295,0.14986145276994883,0.0001445129511428167,46.68694238115634,-0.0012042302703780816,-0.0004073885098466734,-0.020299145299145338,0.024555705834961684,0.0014614026868631225,-0.0833,-0.08333333333333336,-0.035714285714285705,0.0833,0.02877788870852087,0.0,0.16666666666666666,0.0,0.0,-0.16665999999999997
2024-02-02,TCS,0.08333333333333333,0.0,0.0008260970758959818,-0.002533687087155956,0.0015944817934170352,0.0018498705090641554,100.16004000000001,100.104085,0.13724412960520105,0.14986405163910566,0.0008782358881758157,49.593772296583865,-0.002533687087155956,0.0015944817934170352,0.0,0.024555705834961684,0.00012775471095505253,0.0,-1.850371707708594e-17,-0.05952857142857142,0.0833,0.412329589415687,0.016666666666666656,0.1,0.0,0.0,-0.08334
2024-02-03,TCS,0.16666666666666666,0.0,0.0014941312679657148,0.0007989100513057235,0.0035986513558954325,0.0011843588796982552,100.17606,100.11001999999999,0.13433238874762754,0.1570016882242602,0.002314253857905735,54.43664143121035,0.0007989100513057235,0.0035986513558954325,0.019629225736095934,0.5828749121878015,-0.0012048829150792528,0.0833,0.08333333333333331,-0.08332857142857142,0.08339999999999999,0.7963417363421894,0.04999999999999999,0.05,0.0,0.3333333333333333,5.551115123125783e-18
2024-02-04,TCS,0.25,0.0,0.0021596205764902177,0.004138041220642208,0.005605117707471852,0.005195994346182342,100.25894000000001,100.13601,0.15991857685146604,0.18507114961835222,0.0042181628766715384,60.37194680230847,0.004138041220642208,0.005605117707471852,0.039572192513368964,1.73053105857975,-0.0025328565291412586,0.1667,0.16666666666666663,7.93016446160826e-18,0.08330000000000001,1.1798934370493555,0.09999999999999998,0.016666666666666666,0.0,0.6666666666666666,0.08334
2024-02-05,TCS,0.3333333333333333,0.0,-0.001839726964629529,0.002798389102967036,0.0029266440515385295,0.0045255661461232055,100.31496000000001,100.15862,0.15296520882569015,0.1850692206204461,0.002144398555012028,53.914903861779834,0.002798389102967036,0.0029266440515385295,-0.04012345679012341,0.5208394448152637,0.0007980201926007791,0.25,0.25,0.08332857142857143,0.08329999999999999,1.5634451377565215,0.16666666666666666,0.0,0.0,1.0,0.16665999999999997
2024-02-06,TCS,0.0,0.3333333333333333,-0.0011736177114654023,0.0014614026868631225,0.00025541255113226136,0.0038549883549312547,100.34421999999999,100.17787,0.15234099032535298,0.17317470065623228,0.0007759198713248594,50.23083976123623,0.0014614026868631225,0.00025541255113226136,-0.020364415862808127,-0.06849749522384495,0.00413842219287508,0.3333,0.0833333333333333,0.05952857142857143,-0.6666,-1.50588936033948,0.16666666666666666,0.06666666666666667,0.3333333333333333,0.6666666666666666,0.1
2024-02-07,TCS,0.0,0.25,-0.0005067048623716985,0.00012775471095505253,-0.002406256066662338,0.00318661681007959,100.34678,100.193785,0.14133925655818494,0.1590370803336767,0.00010993695866456932,48.68585483016115,0.00012775471095505253,-0.002406256066662338,0.0,-0.06849749522384495,0.002798269144791421,-0.3333,-0.08333333333333336,0.03571428571428571,0.08329999999999999,-1.1223376596323138,0.14999999999999997,0.11666666666666665,0.6666666666666666,0.3333333333333333,0.03334
2024-02-08,TCS,0.0,0.16666666666666666,0.0001596729897168636,-0.0012048829150792528,-0.0004069354568448924,0.0025177779934000277,100.3226,100.20636999999999,0.14166507489293342,0.15002488951401388,0.00014400282137749798,49.21567012199557,-0.0012048829150792528,-0.0004069354568448924,0.01969365426695835,0.4898217111289948,0.0014617724065264515,-0.25,-0.25,0.01190000000000001,0.08330000000000001,-0.7387859589251476,0.11666666666666665,0.15,0.6666666666666666,0.0,-0.033339999999999995
2024-02-09,TCS,0.0,0.08333333333333333,0.0008271736006897346,-0.0025328565291412586,0.0015947036267773829,0.0018508086425672587,100.27166,100.215635,0.1374094530145362,0.1500279773032089,0.0008787550964477475,51.982040482992154,-0.0025328565291412586,0.0015947036267773829,0.03969957081545061,1.6374778575209432,0.00012761244101655578,-0.1667,-0.16666666666666666,-0.011899999999999992,0.08339999999999999,-0.3547738119986452,0.06666666666666665,0.16666666666666666,0.3333333333333333,0.0,-0.09999999999999999
2024-02-10,TCS,0.0,-0.0,0.0014934643487727328,0.0007980201926007791,0.0035986424665788164,0.0011840370280671308,100.28768,100.221575,0.13449207163736351,0.15717189676143528,0.0023141224831080276,56.58428338712674,0.0007980201926007791,0.0035986424665788164,-0.04024767801857587,0.4277862437564571,-0.0012045374227876993,-0.0833,-0.08333333333333336,-0.035714285714285705,0.0833,0.02877788870852087,0.0,0.16666666666666666,0.0,0.0,-0.16665999999999997
2024-02-11,TCS,0.08333333333333333,0.0,0.002160203477230782,0.00413842219287508,0.005605872781050403,0.005196200503045034,100.37066000000002,100.247595,0.16011131683224222,0.18527948582730402,0.004218604945086302,62.23142907420424,0.00413842219287508,0.005605872781050403,-0.02043010752688168,-0.16155069628265156,-0.002533016126869403,0.0,-1.850371707708594e-17,-0.05952857142857142,0.0833,0.412329589415687,0.016666666666666656,0.1,0.0,0.0,-0.08334
2024-02-12,TCS,0.16666666666666666,0.0,-0.0018406583855250513,0.002798269144791421,0.0029263813478124234,0.004525529203009082,100.42674000000001,100.27023,0.15314347085867963,0.18527144836416895,0.0021439065214072794,55.58292711724171,0.002798269144791421,0.0029263813478124234,0.0,-0.16155069628265156,0.0007981274854405029,0.0833,0.08333333333333331,-0.08332857142857142,0.08339999999999999,0.7963417363421894,0.04999999999999999,0.05,0.0,0.3333333333333333,5.551115123125783e-18
2024-02-13,TCS,0.25,0.0,-0.001173307113883526,0.0014617724065264515,0.00025512822684881087,0.0038546977002837934,100.45604,100.2895,0.15251923594520755,0.1733639949264307,0.00077575419161513,51.79155797226476,0.0014617724065264515,0.00025512822684881087,0.019758507135016368,0.3967685100701882,0.004137801853790979,0.1667,0.16666666666666663,7.93016446160826e-18,0.08330000000000001,1.1798934370493555,0.09999999999999998,0.016666666666666666,0.0,0.6666666666666666,0.08334
2024-02-14,TCS,0.3333333333333333,0.0,-0.0005061409443114506,0.00012761244101655578,-0.002405567312129042,0.003186066907405083,100.4586,100.30543,0.14150861811203147,0.1592200665084548,0.00011036291853794289,50.20258919183511,0.00012761244101655578,-0.002405567312129042,0.03982777179763186,1.5444246564621367,0.002798143874636727,0.25,0.25,0.08332857142857143,0.08329999999999999,1.5634451377565215,0.16666666666666666,0.0,0.0,1.0,0.16665999999999997
2024-02-15,TCS,0.0,0.3333333333333333,0.00015949519769908882,-0.0012045374227876993,-0.0004074784753730354,0.0025179730317095306,100.43440000000001,100.31803,0.14183372267858482,0.15019875288573625,0.00014424126949075244,50.71546008144593,-0.0012045374227876993,-0.0004074784753730354,-0.04037267080745344,0.3347330426976505,0.0014621383898538731,0.3333,0.0833333333333333,0.05952857142857143,-0.6666,-1.50588936033948,0.16666666666666666,0.06666666666666667,0.3333333333333333,0.6666666666666666,0.1
2024-02-16,TCS,0.0,0.25,0.0008272493957590665,-0.002533016126869403,0.0015949233758512094,0.0018507432904319998,100.38340000000001,100.327305,0.1375753292643668,0.15020411542126044,0.0008790727509324636,53.396846382296474,-0.002533016126869403,0.0015949233758512094,-0.02049622437971954,-0.2546038973414582,0.00012647449845903935,-0.3333,-0.08333333333333336,0.03571428571428571,0.08329999999999999,-1.1223376596323138,0.14999999999999997,0.11666666666666665,0.6666666666666666,0.3333333333333333,0.03334
2024-02-17,TCS,0.0,0.16666666666666666,0.0014927974266920607,0.0007981274854405029,0.0035986300057482268,0.0011837147138027415,100.39944,100.33324999999999,0.13464339279072898,0.15735296729264142,0.0023137892971671903,57.856373487060274,0.0007981274854405029,0.0035986300057482268,0.0,-0.2546038973414582,-0.00120419150125195,-0.25,-0.25,0.01190000000000001,0.08330000000000001,-0.7387859589251476,0.11666666666666665,0.15,0.6666666666666666,0.0,-0.033339999999999995
2024-02-18,TCS,0.0,0.08333333333333333,0.002159788555507136,0.004137801853790979,0.005605622784891073,0.0051964062013771795,100.48249999999999,100.35929999999999,0.16026362344579076,0.18547929661742416,0.004217845281902166,63.33166847569437,0.004137801853790979,0.005605622784891073,0.01982378854625555,0.30371530901138155,-0.002533175369557883,-0.1667,-0.16666666666666666,-0.011899999999999992,0.08339999999999999,-0.3547738119986452,0.06666666666666665,0.16666666666666666,0.3333333333333333,0.0,-0.09999999999999999
2024-02-19,TCS,0.0,-0.0,-0.0018396032648493321,0.002798143874636727,0.002926113393623586,0.004525483304042233,100.53864000000002,100.38195999999999,0.15329647962898357,0.18547543857826665,0.0021442099755772936,56.57496994574626,0.002798143874636727,0.002926113393623586,0.03995680345572361,1.45137145540333,0.0007982329528057885,-0.0833,-0.08333333333333336,-0.035714285714285705,0.0833,0.02877788870852087,0.0,0.16666666666666666,0.0,0.0,-0.16665999999999997
2024-02-20,TCS,0.08333333333333333,0.0,-0.001172994874608757,0.0014621383898538731,0.0002558397666581058,0.0038554029090858144,100.56798,100.40125499999999,0.1526701487957155,0.17355519514888984,0.0007763349173275369,52.71979338555324,0.0014621383898538731,0.0002558397666581058,-0.04049844236760125,0.24167984163884382,0.00413717465903396,0.0,-1.850371707708594e-17,-0.05952857142857142,0.0833,0.412329589415687,0.016666666666666656,0.1,0.0,0.0,-0.08334
2024-02-21,TCS,0.16666666666666666,0.0,-0.0005075677354119401,0.00012647449845903935,-0.0024068619903546695,0.0031855182285762673,100.57052,100.41720000000001,0.14164286231370307,0.1593919630807922,0.00010954298665954987,51.099081247654965,0.00012647449845903935,-0.0024068619903546695,-0.02056277056277056,-0.3476570984002648,0.0027990146193996868,0.0833,0.08333333333333331,-0.08332857142857142,0.08339999999999999,0.7963417363421894,0.04999999999999999,0.05,0.0,0.3333333333333333,5.551115123125783e-18
2024-02-22,TCS,0.25,0.0,0.00016031353743262144,-0.00120419150125195,-0.0004070251141462533,0.002518165122963989,100.5463,100.429815,0.1419686197720274,0.15035865289371203,0.0001442300774923133,51.60487583425218,-0.00120419150125195,-0.0004070251141462533,0.0,-0.3476570984002648,0.001461506526502676,0.1667,0.16666666666666663,7.93016446160826e-18,0.08330000000000001,1.1798934370493555,0.09999999999999998,0.016666666666666666,0.0,0.6666666666666666,0.08334
2024-02-23,TCS,0.3333333333333333,0.0,0.0008263286219327703,-0.002533175369557883,0.0015941447064931058,0.0018496796446541008,100.49524,100.43909500000001,0.13770072258333846,0.15036157640137554,0.0008781938945188195,54.233003570183136,-0.002533175369557883,0.0015941447064931058,0.019889502762430844,0.21066210795257495,0.00012832335097034964,0.25,0.25,0.08332857142857143,0.08329999999999999,1.5634451377565215,0.16666666666666666,0.0,0.0,1.0,0.16665999999999997
2024-02-24,TCS,0.0,0.3333333333333333,0.0014941214973445138,0.0007982329528057885,0.003598610398089841,0.001184386386418046,100.5113,100.44505000000001,0.13478013412787487,0.15752317958089523,0.002314200650006981,58.61310556969226,0.0007982329528057885,0.003598610398089841,0.03900325027085594,1.3273005206582544,-0.001204837227781641,0.3333,0.0833333333333333,0.05952857142857143,-0.6666,-1.50588936033948,0.16666666666666666,0.06666666666666667,0.3333333333333333,0.6666666666666666,0.1
2024-02-25,TCS,0.0,0.25,0.00215937026644486,0.00413717465903396,0.005605362170782335,0.005195599630978043,100.59443999999999,100.471125,0.16043873493217944,0.1856837545681868,0.00421787851982347,63.985667954762306,0.00413717465903396,0.005605362170782335,-0.040667361835245,0.11760890689376831,-0.0025323381062869466,-0.3333,-0.08333333333333336,0.03571428571428571,0.08329999999999999,-1.1223376596323138,0.14999999999999997,0.11666666666666665,0.6666666666666666,0.3333333333333333,0.03334
2024-02-26,TCS,0.0,0.16666666666666666,-0.001839537974664851,0.0027990146193996868,0.002925843121828864,0.0045254329932691295,100.65065999999999,100.49381000000001,0.1534712021483484,0.18568150405299075,0.0021443111769767764,57.16324530871893,0.0027990146193996868,0.002925843121828864,-0.020652173913043526,-0.47172803314534034,0.0007983373928723836,-0.25,-0.25,0.01190000000000001,0.08330000000000001,-0.7387859589251476,0.11666666666666665,0.15,0.6666666666666666,0.0,-0.033339999999999995
2024-02-27,TCS,0.0,0.08333333333333333,-0.0011736751223571096,0.001461506526502676,0.0002555550915126492,0.0038551047454811194,100.68001999999998,100.513125,0.15284427950613003,0.17374390977592016,0.0007757693336067906,53.26790239298457,0.001461506526502676,0.0002555550915126492,0.0,-0.47172803314534034,0.004138537107159612,-0.1667,-0.16666666666666666,-0.011899999999999992,0.08339999999999999,-0.3547738119986452,0.06666666666666665,0.16666666666666666,0.3333333333333333,0.0,-0.09999999999999999
2024-02-28,TCS,0.0,-0.0,-0.0005060089809137969,0.00012832335097034964,-0.0024051770841395648,0.003186963185286995,100.68260000000001,100.52909500000001,0.14180966743402562,0.15956030199801102,0.00011046553239135726,51.63610118217757,0.00012832335097034964,-0.0024051770841395648,0.019977802441731418,0.08659117320749944,0.0027978858207959867,-0.0833,-0.08333333333333336,-0.035714285714285705,0.0833,0.02877788870852087,0.0,0.16666666666666666,0.0,0.0,-0.16665999999999997
2024-02-29,TCS,0.08333333333333333,0.0,0.00015914032397001954,-0.001204837227781641,-0.0004075660157538685,0.0025173547934922436,100.65834,100.54172,0.14213599747336741,0.15052089765740545,0.00014401981585354662,52.13249835610799,-0.001204837227781641,-0.0004075660157538685,0.03917301414581065,1.203229585913179,0.0014618690841539106,0.0,-1.850371707708594e-17,-0.05952857142857142,0.0833,0.412329589415687,0.016666666666666656,0.1,0.0,0.0,-0.08334
2024-03-01,TCS,0.16666666666666666,0.0,0.0008273980122557312,-0.0025323381062869466,0.0015943598277055049,0.0018506074950099816,100.60724,100.551015,0.13787303499143114,0.15052626025490634,0.0008790065421018234,54.73424946915004,-0.0025323381062869466,0.0015943598277055049,-0.0408376963350785,-0.006462027851307192,0.00012718676780654192,0.0833,0.08333333333333331,-0.08332857142857142,0.08339999999999999,0.7963417363421894,0.04999999999999999,0.05,0.0,0.3333333333333333,5.551115123125783e-18
2024-03-02,TCS,0.25,0.0,0.0014934508751045517,0.0007983373928723836,0.0035995865703057905,0.0011840608718540757,100.62332,100.556975,0.13493869760406013,0.15769530539022786,0.0023143595956423013,59.06298901130928,0.0007983373928723836,0.0035995865703057905,-0.020742358078602585,-0.5957989678904159,-0.0012044881570238974,0.1667,0.16666666666666663,7.93016446160826e-18,0.08330000000000001,1.1798934370493555,0.09999999999999998,0.016666666666666666,0.0,0.6666666666666666,0.08334
2024-03-03,TCS,0.3333333333333333,0.0,0.0021599429306764506,0.004138537107159612,0.0056060921326546165,0.005196785198218201,100.70658,100.58308500000001,0.16063832391766644,0.18589538165609593,0.0042185522545863385,64.37682862157789,0.004138537107159612,0.0056060921326546165,0.0,-0.5957989678904159,-0.0025334777451949675,0.25,0.25,0.08332857142857143,0.08329999999999999,1.5634451377565215,0.16666666666666666,0.0,0.0,1.0,0.16665999999999997
2024-03-04,TCS,0.0,0.3333333333333333,-0.0018404592138794307,0.0027978858207959867,0.002926568205850577,0.004525378285557213,100.76284000000001,100.605795,0.15364675069771172,0.185890237774913,0.002144061383342777,57.5116225669916,0.0027978858207959867,0.002926568205850577,0.018952062430323213,-0.06849749522384495,0.000798440808756018,0.3333,0.0833333333333333,0.05952857142857143,-0.6666,-1.50588936033948,0.16666666666666666,0.06666666666666667,0.3333333333333333,0.6666666666666666,0.1
2024-03-05,TCS,0.0,0.25,-0.001173360840693749,0.0014618690841539106,0.00025527054207752364,0.003854799559394495,100.79224,100.62513,0.1530199874379822,0.17394308234233194,0.0007758499293366583,53.59477652620527,0.0014618690841539106,0.00025527054207752364,0.03938730853391692,1.0481409174818346,0.004137902271228677,-0.3333,-0.08333333333333336,0.03571428571428571,0.08329999999999999,-1.1223376596323138,0.14999999999999997,0.11666666666666665,0.6666666666666666,0.3333333333333333,0.03334
2024-03-06,TCS,0.0,0.16666666666666666,-0.0005064387229005707,0.00012718676780654192,-0.002405473418379045,0.0031864052027010814,100.7948,100.641115,0.14197821272594385,0.1597461449168786,0.00011014385124807902,51.95209247790202,0.00012718676780654192,-0.002405473418379045,-0.040000000000000036,-0.1305329625963827,0.0027987465748389173,-0.25,-0.25,0.01190000000000001,0.08330000000000001,-0.7387859589251476,0.11666666666666665,0.15,0.6666666666666666,0.0,-0.033339999999999995
2024-03-07,TCS,0.0,0.08333333333333333,0.00015995676199831443,-0.0012044881570238974,-0.0004071123520865694,0.00251753962286716,100.77052,100.653755,0.14230415625993992,0.15069999642026446,0.00014450528944487395,52.44759339205059,-0.0012044881570238974,-0.0004071123520865694,-0.02083333333333337,-0.7198699026354913,0.001461234569372749,-0.1667,-0.16666666666666666,-0.011899999999999992,0.08339999999999999,-0.3547738119986452,0.06666666666666665,0.16666666666666666,0.3333333333333333,0.0,-0.09999999999999999
2024-03-08,TCS,0.0,-0.0,0.0008264766565044823,-0.0025334777451949675,0.0015945744703060871,0.0018505370634431806,100.71933999999999,100.66306,0.13802678645010205,0.1507027586797912,0.0008785745237627207,55.02859666165397,-0.0025334777451949675,0.0015945744703060871,0.0,-0.7198699026354913,0.00012704525490958574,-0.0833,-0.08333333333333336,-0.035714285714285705,0.0833,0.02877788870852087,0.0,0.16666666666666666,0.0,0.0,-0.16665999999999997
2024-03-09,TCS,0.08333333333333333,0.0,0.0014937742862390913,0.000798440808756018,0.0035985605757697936,0.0011847283161974254,100.73544,100.66902999999999,0.13509779338591132,0.15788150153305183,0.0023142171927157396,59.328906606360526,0.000798440808756018,0.0035985605757697936,0.01903695408734607,-0.19256842996892046,-0.0012041386692037692,0.0,-1.850371707708594e-17,-0.05952857142857142,0.0833,0.412329589415687,0.016666666666666656,0.1,0.0,0.0,-0.08334
2024-03-10,TCS,0.16666666666666666,0.0,0.002159521119502017,0.004137902271228677,0.0056058204267861456,0.005195969669135936,100.81877999999999,100.695165,0.16080495051793756,0.18610526810330988,0.004218027747409758,64.60603805044943,0.004137902271228677,0.0056058204267861456,0.03956043956043964,0.9240699827367591,-0.0025326369982565655,0.0833,0.08333333333333331,-0.08332857142857142,0.08339999999999999,0.7963417363421894,0.04999999999999999,0.05,0.0,0.3333333333333333,5.551115123125783e-18
2024-03-11,TCS,0.25,0.0,-0.0018394005532047508,0.0027987465748389173,0.002926289306176333,0.0045253146919959075,100.87512,100.71790000000001,0.1538189859686038,0.1861075184431505,0.0021446038886829832,57.72128379842102,0.0027987465748389173,0.002926289306176333,-0.04016913319238902,-0.2546038973414582,0.0007975516650005066,0.1667,0.16666666666666663,7.93016446160826e-18,0.08330000000000001,1.1798934370493555,0.09999999999999998,0.016666666666666666,0.0,0.6666666666666666,0.08334
2024-03-12,TCS,0.3333333333333333,0.0,-0.00117403568077723,0.001461234569372749,0.0002549863726155621,0.003855490788443827,100.90454,100.73726,0.15319218177022165,0.17413970918720362,0.000775681212691115,53.788544008783845,0.001461234569372749,0.0002549863726155621,-0.020925110132158586,-0.8439408373805669,0.004138256655233263,0.25,0.25,0.08332857142857143,0.08329999999999999,1.5634451377565215,0.16666666666666666,0.0,0.0,1.0,0.16665999999999997
2024-03-13,TCS,0.0,0.3333333333333333,-0.0005068670064294345,0.00012704525490958574,-0.002406754356611529,0.0031858452893793743,100.9071,100.75326,0.14212969663877675,0.1599265831561899,0.00010957461823069004,52.13883337802648,0.00012704525490958574,-0.002406754356611529,0.0,-0.8439408373805669,0.0027986102220727282,0.3333,0.0833333333333333,0.05952857142857143,-0.6666,-1.50588936033948,0.16666666666666666,0.06666666666666667,0.3333333333333333,0.6666666666666666,0.1
2024-03-14,TCS,0.0,0.25,0.00016077122552338174,-0.0012041386692037692,-0.00040665929390060196,0.0025187187957897983,100.8828,100.76592,0.1424552935718098,0.15086283627333286,0.00014469177674358846,52.63480419037453,-0.0012041386692037692,-0.00040665929390060196,0.01912260967379087,-0.31663936471399595,0.0014615922723146824,-0.3333,-0.08333333333333336,0.03571428571428571,0.08329999999999999,-1.1223376596323138,0.14999999999999997,0.11666666666666665,0.6666666666666666,0.3333333333333333,0.03334
2024-03-15,TCS,0.0,0.16666666666666666,0.0008265487867196164,-0.0025326369982565655,0.001594785468584936,0.0018504631124134363,100.83158,100.775235,0.13817590077694494,0.15086754830510143,0.0008788369483831993,55.205284557487005,-0.0025326369982565655,0.001594785468584936,0.039735099337748325,0.7999990479916836,0.00012690380493296516,-0.25,-0.25,0.01190000000000001,0.08330000000000001,-0.7387859589251476,0.11666666666666665,0.15,0.6666666666666666,0.0,-0.033339999999999995
2024-03-16,TCS,0.0,0.08333333333333333,0.0014931025799147513,0.0007975516650005066,0.0035985303848300454,0.0011844007972652282,100.84768,100.78121,0.13523496424934442,0.15805154022797052,0.0023138241741689214,59.48607463796039,0.0007975516650005066,0.0035985303848300454,-0.04033970276008492,-0.3786748320865337,-0.0012037887667500913,-0.1667,-0.16666666666666666,-0.011899999999999992,0.08339999999999999,-0.3547738119986452,0.06666666666666665,0.16666666666666666,0.3333333333333333,0.0,-0.09999999999999999
2024-03-17,TCS,0.0,-0.0,0.0021600880666519107,0.004138256655233263,0.005605538188287795,0.005196143752364435,100.93111999999999,100.80737500000001,0.16098821247385064,0.18630976434284274,0.0042181933613487654,64.74326495377693,0.004138256655233263,0.005605538188287795,-0.021017699115044253,-0.9680117721256424,-0.0025327809421076264,-0.0833,-0.08333333333333336,-0.035714285714285705,0.0833,0.02877788870852087,0.0,0.16666666666666666,0.0,0.0,-0.16665999999999997
2024-03-18,TCS,0.08333333333333333,0.0,-0.001840316261757624,0.0027986102220727282,0.0029260110271311923,0.00452525123992098,100.98752,100.83013500000001,0.15398521177183297,0.18630269166349603,0.002143853124861872,57.84190392191455,0.0027986102220727282,0.0029260110271311923,0.0,-0.9680117721256424,0.0007986437900249221,0.0,-1.850371707708594e-17,-0.05952857142857142,0.0833,0.412329589415687,0.016666666666666656,0.1,0.0,0.0,-0.08334
2024-03-19,TCS,0.16666666666666666,0.0,-0.0011727297288470773,0.0014615922723146824,0.0002556936433371071,0.0038551743481711753,101.01698,100.849515,0.15335655222742542,0.17433024098263328,0.0007762555923052084,53.90580617625828,0.0014615922723146824,0.0002556936433371071,0.019209039548022666,-0.4407102994590715,0.004137611242888362,0.0833,0.08333333333333331,-0.08332857142857142,0.08339999999999999,0.7963417363421894,0.04999999999999999,0.05,0.0,0.3333333333333333,5.551115123125783e-18
2024-03-20,TCS,0.25,0.0,-0.000507293332461467,0.00012690380493296516,-0.002406054594595197,0.003186277922196723,101.01953999999999,100.865535,0.14228790219509954,0.16009811555815642,0.00010970050374492502,52.25134321752896,0.00012690380493296516,-0.002406054594595197,0.039911308203991025,0.6759281132466081,0.00279846862404165,0.1667,0.16666666666666663,7.93016446160826e-18,0.08330000000000001,1.1798934370493555,0.09999999999999998,0.016666666666666666,0.0,0.6666666666666666,0.08334
2024-03-21,TCS,0.3333333333333333,0.0,0.00016059224835096586,-0.0012037887667500913,-0.00040719718548476447,0.0025179005439222024,100.99521999999999,100.878205,0.1426134499655701,0.1510302321600704,0.00014467941811613372,52.745533390566074,-0.0012037887667500913,-0.00040719718548476447,-0.04051172707889128,-0.5027457668316092,0.0014609565796568358,0.25,0.25,0.08332857142857143,0.08329999999999999,1.5634451377565215,0.16666666666666666,0.0,0.0,1.0,0.16665999999999997
2024-03-22,TCS,0.0,0.3333333333333333,0.0008266199372006788,-0.0025327809421076264,0.0015949944155357887,0.0018503874899915562,100.94394,100.88753,0.13832837782278276,0.15103559392271568,0.0008788995032389391,55.309899323588546,-0.0025327809421076264,0.0015949944155357887,-0.020000000000000018,-1.061064973184449,0.00012676254404508924,0.3333,0.0833333333333333,0.05952857142857143,-0.6666,-1.50588936033948,0.16666666666666666,0.06666666666666667,0.3333333333333333,0.6666666666666666,0.1
2024-03-23,TCS,0.0,0.25,0.0014934212220303333,0.0007986437900249221,0.0035994891047721467,0.001184071662076125,100.96007999999999,100.89350999999999,0.13537921225610672,0.1582278699917097,0.0023142221932808127,59.581025470918554,0.0007986437900249221,0.0035994891047721467,0.0,-1.061064973184449,-0.0012044261176539228,-0.3333,-0.08333333333333336,0.03571428571428571,0.08329999999999999,-1.1223376596323138,0.14999999999999997,0.11666666666666665,0.6666666666666666,0.3333333333333333,0.03334
2024-03-24,TCS,0.0,0.16666666666666666,0.002159660624758919,0.004137611242888362,0.005605251015821544,0.005196312294500682,101.0436,100.919705,0.16116184032751976,0.18651664092544742,0.004218155413751923,64.82437557432552,0.004137611242888362,0.005605251015821544,0.01927437641723362,-0.5337635005178781,-0.002532922066517007,-0.25,-0.25,0.01190000000000001,0.08330000000000001,-0.7387859589251476,0.11666666666666665,0.15,0.6666666666666666,0.0,-0.033339999999999995
2024-03-25,TCS,0.0,0.08333333333333333,-0.001840241392307873,0.00279846862404165,0.0029257275652909698,0.004525178941682251,101.10006,100.94248999999999,0.15415412921985608,0.1865105327913442,0.0021438940133140516,57.91518887060983,0.00279846862404165,0.0029257275652909698,0.03893214682981094,0.5518571785015326,0.0007987433631642116,-0.1667,-0.16666666666666666,-0.011899999999999992,0.08339999999999999,-0.3547738119986452,0.06666666666666665,0.16666666666666666,0.3333333333333333,0.0,-0.09999999999999999
2024-03-26,TCS,0.0,-0.0,-0.0011734014505891954,0.0014609565796568358,0.0002554091297874983,0.0038548586121316397,101.12953999999999,100.96189,0.15352448085630777,0.17452026846549384,0.0007756392040600968,53.97228695693251,0.0014609565796568358,0.0002554091297874983,-0.0406852248394004,-0.6268167015766847,0.004137956971581591,-0.0833,-0.08333333333333336,-0.035714285714285705,0.0833,0.02877788870852087,0.0,0.16666666666666666,0.0,0.0,-0.16665999999999997
2024-03-27,TCS,0.08333333333333333,0.0,-0.0005067290048910156,0.00012676254404508924,-0.002406339459818274,0.0031857099007335243,101.13210000000001,100.977925,0.14244046553629866,0.1602771608479454,0.00010967743692491538,52.317749971383776,0.00012676254404508924,-0.002406339459818274,-0.0200892857142857,-1.1851359079295245,0.0027983245700027304,0.0,-1.850371707708594e-17,-0.05952857142857142,0.0833,0.412329589415687,0.016666666666666656,0.1,0.0,0.0,-0.08334
2024-03-28,TCS,0.16666666666666666,0.0,0.00016041351038231788,-0.0012044261176539228,-0.0004067442350684791,0.0025180766539456556,101.10774,100.99061,0.14276758463389824,0.15119594432044542,0.00014446887685903853,52.810673080248456,-0.0012044261176539228,-0.0004067442350684791,0.0,-1.1851359079295245,0.0014613109028049909,0.0833,0.08333333333333331,-0.08332857142857142,0.08339999999999999,0.7963417363421894,0.04999999999999999,0.05,0.0,0.3333333333333333,5.551115123125783e-18
2024-03-29,TCS,0.25,0.0,0.0008266901110041136,-0.002532922066517007,0.0015942089295515327,0.0018503102019782336,101.05640000000001,100.999945,0.13848264231375138,0.1512006560658397,0.0008787628547719528,55.37155936904638,-0.002532922066517007,0.0015942089295515327,0.019362186788154823,-0.6578344352629536,0.0001276107022842865,0.1667,0.16666666666666663,7.93016446160826e-18,0.08330000000000001,1.1798934370493555,0.09999999999999998,0.016666666666666666,0.0,0.6666666666666666,0.08334
2024-03-30,TCS,0.3333333333333333,0.0,0.0014937376779007305,0.0007987433631642116,0.0035994472454463633,0.0011847321842684,101.07256,101.005935,0.1355365260321633,0.15840434362400022,0.0023143689526758937,59.63736601825799,0.0007987433631642116,0.0035994472454463633,0.03910614525139655,0.4277862437564571,-0.001205060860512197,0.25,0.25,0.08332857142857143,0.08329999999999999,1.5634451377565215,0.16666666666666666,0.0,0.0,1.0,0.16665999999999997
2024-03-31,TCS,0.0,0.3333333333333333,0.0021592320008849697,0.004137956971581591,0.00560495892670243,0.00519547941771803,101.15617999999999,101.032155,0.16134254932349307,0.1867227144161852,0.004217914583728222,64.87215160477126,0.004137956971581591,0.00560495892670243,-0.04086021505376347,-0.7508876363217603,-0.002533060380471519,0.3333,0.0833333333333333,0.05952857142857143,-0.6666,-1.50588936033948,0.16666666666666666,0.06666666666666667,0.3333333333333333,0.6666666666666666,0.1
2024-04-01,TCS,0.0,0.25,-0.0018401648756187772,0.0027983245700027304,0.002925441836789222,0.004525102315717788,101.21270000000001,101.054965,0.15432832245279884,0.1867149989041831,0.0021437343528842856,57.958387803026405,0.0027983245700027304,0.002925441836789222,-0.020179372197309364,-1.3092068426746,0.0007988419260680502,-0.3333,-0.08333333333333336,0.03571428571428571,0.08329999999999999,-1.1223376596323138,0.14999999999999997,0.11666666666666665,0.6666666666666666,0.3333333333333333,0.03334
2024-04-02,TCS,0.0,0.16666666666666666,-0.0011730830756105926,0.0014613109028049909,0.00025512474413358355,0.0038555321676425613,101.24222,101.07439,0.15369938769481764,0.17470671032212204,0.0007757652556696915,54.013663322966316,0.0014613109028049909,0.00025512474413358355,0.0,-1.3092068426746,0.00413829374965391,-0.25,-0.25,0.01190000000000001,0.08330000000000001,-0.7387859589251476,0.11666666666666665,0.15,0.6666666666666666,0.0,-0.033339999999999995
2024-04-03,TCS,0.0,0.08333333333333333,-0.0005061649306791205,0.0001276107022842865,-0.0024056345921965594,0.0031861322378834434,101.2448,101.090445,0.14259862863601122,0.16045003313049586,0.00011034672960441583,52.35966360862831,0.0001276107022842865,-0.0024056345921965594,0.0194508009153318,-0.7819053700080291,0.0027981753008854415,-0.1667,-0.16666666666666666,-0.011899999999999992,0.08339999999999999,-0.3547738119986452,0.06666666666666665,0.16666666666666666,0.3333333333333333,0.0,-0.09999999999999999
2024-04-04,TCS,0.0,-0.0,0.00015924574883086073,-0.001205060860512197,-0.00040728003171253135,0.002517255943162988,101.2204,101.10314,0.14292698058015368,0.15136078682892537,0.00014401135315877944,52.84861629622282,-0.001205060860512197,-0.00040728003171253135,0.03928170594837255,0.30371530901138155,0.001461662992730206,-0.0833,-0.08333333333333336,-0.035714285714285705,0.0833,0.02877788870852087,0.0,0.16666666666666666,0.0,0.0,-0.16665999999999997
2024-04-05,TCS,0.08333333333333333,0.0,0.0008267593111790372,-0.002533060380471519,0.00159441489624923,0.0018502312541579524,101.16900000000001,101.11248499999999,0.13863123305287617,0.15136322391066065,0.000878378174564709,55.40788103469675,-0.002533060380471519,0.00159441489624923,-0.04103671706263501,-0.8749585710668357,0.00012746871828728246,0.0,-1.850371707708594e-17,-0.05952857142857142,0.0833,0.412329589415687,0.016666666666666656,0.1,0.0,0.0,-0.08334
2024-04-06,TCS,0.16666666666666666,0.0,0.001494051953878195,0.0007988419260680502,0.00359940191506003,0.0011844010723818243,101.18518,101.11848,0.13568208921342378,0.15857365414680574,0.0023143148512516643,59.67136372868489,0.0007988419260680502,0.00359940191506003,-0.020270270270270285,-1.4332777774196754,-0.0012047063466614771,0.0833,0.08333333333333331,-0.08332857142857142,0.08339999999999999,0.7963417363421894,0.04999999999999999,0.05,0.0,0.3333333333333333,5.551115123125783e-18
2024-04-07,TCS,0.25,0.0,0.002159788855726319,0.00413829374965391,0.005605651986234417,0.005196627684536548,101.2689,101.144735,0.16152732276612164,0.1869289965820006,0.004218360945826838,64.90318348448037,0.00413829374965391,0.005605651986234417,0.0,-1.4332777774196754,-0.002533193398929212,0.1667,0.16666666666666663,7.93016446160826e-18,0.08330000000000001,1.1798934370493555,0.09999999999999998,0.016666666666666666,0.0,0.6666666666666666,0.08334
2024-04-08,TCS,0.3333333333333333,0.0,-0.0018400849057903512,0.0027981753008854415,0.0029261430802849375,0.004525016893264233,101.32548,101.16757,0.15450752732470138,0.18692867511150332,0.0021442642143130186,57.98626587347242,0.0027981753008854415,0.0029261430802849375,0.019540229885057547,-0.9059763047531046,0.000797952349718134,0.25,0.25,0.08332857142857143,0.08329999999999999,1.5634451377565215,0.16666666666666666,0.0,0.0,1.0,0.16665999999999997
2024-04-09,TCS,0.0,0.3333333333333333,-0.0011737494390168246,0.001461662992730206,0.00025484073935433393,0.0038552052705980167,101.35504,101.187015,0.15387857983919276,0.1749088251963648,0.0007756430012288984,54.03747618533138,0.001461662992730206,0.00025484073935433393,0.03945885005636973,0.17964437426630606,0.004138625691869402,0.3333,0.0833333333333333,0.05952857142857143,-0.6666,-1.50588936033948,0.16666666666666666,0.06666666666666667,0.3333333333333333,0.6666666666666666,0.1
2024-04-10,TCS,0.0,0.25,-0.0005065891147527646,0.00012746871828728246,-0.0024059145481443167,0.003185559326334575,101.35762,101.20308500000002,0.1427728300482679,0.16063697311507028,0.00010982866777231592,52.38143423503628,0.00012746871828728246,-0.0024059145481443167,-0.04013015184381774,-0.9680117721256424,0.0027990143675491463,-0.3333,-0.08333333333333336,0.03571428571428571,0.08329999999999999,-1.1223376596323138,0.14999999999999997,0.11666666666666665,0.6666666666666666,0.3333333333333333,0.03334
2024-04-11,TCS,0.0,0.16666666666666666,0.00016005659284967777,-0.0012047063466614771,-0.0004068267905316114,0.002517424898144327,101.3332,101.215795,0.14310110217757116,0.15153928264381863,0.0001442956605735013,52.87260447944765,-0.0012047063466614771,-0.0004068267905316114,-0.02033898305084747,-1.5263309784784822,0.001462011411591746,-0.25,-0.25,0.01190000000000001,0.08330000000000001,-0.7387859589251476,0.11666666666666665,0.15,0.6666666666666666,0.0,-0.033339999999999995
2024-04-12,TCS,0.0,0.08333333333333333,0.0008268267239879279,-0.002533193398929212,0.0015946172523153557,0.0018501488227673502,101.28174,101.22515000000001,0.13880275213407184,0.15154431868700352,0.0008787341880944766,55.43053245016661,-0.002533193398929212,0.0015946172523153557,0.0,-1.5263309784784822,0.00012732679854043916,-0.1667,-0.16666666666666666,-0.011899999999999992,0.08339999999999999,-0.3547738119986452,0.06666666666666665,0.16666666666666666,0.3333333333333333,0.0,-0.09999999999999999
2024-04-13,TCS,0.0,-0.0,0.0014933755518728997,0.000797952349718134,0.0035983604611597997,0.001184069528562759,101.29792,101.23115,0.13585636205605717,0.15875965449297574,0.0023140110529220603,59.68973841013487,0.000797952349718134,0.0035983604611597997,0.019607843137254832,-0.9990295058119113,-0.001204351434085038,-0.0833,-0.08333333333333336,-0.035714285714285705,0.0833,0.02877788870852087,0.0,0.16666666666666666,0.0,0.0,-0.16665999999999997
2024-04-14,TCS,0.08333333333333333,0.0,0.0021603423433012026,0.004138625691869402,0.0056063379606141606,0.005196774579399266,101.38174000000001,101.257435,0.1617245288205259,0.18714851202353466,0.004218603799316156,64.92014332333598,0.004138625691869402,0.0056063379606141606,0.039592760180995556,0.08659117320749944,-0.002533323630126816,0.0,-1.850371707708594e-17,-0.05952857142857142,0.0833,0.412329589415687,0.016666666666666656,0.1,0.0,0.0,-0.08334
2024-04-15,TCS,0.16666666666666666,0.0,-0.0018400033043352026,0.0027990143675491463,0.0029268398726103317,0.004525921365951424,101.4384,101.28030000000001,0.154693348632421,0.18714626140504562,0.002144543410712574,58.00212766523709,0.0027990143675491463,0.0029268398726103317,-0.040261153427638696,-1.061064973184449,0.0007980492130348349,0.0833,0.08333333333333331,-0.08332857142857142,0.08339999999999999,0.7963417363421894,0.04999999999999999,0.05,0.0,0.3333333333333333,5.551115123125783e-18
2024-04-16,TCS,0.25,0.0,-0.0011734279169437478,0.001462011411591746,0.00025554377050385213,0.003855865490300925,101.468,101.29977,0.15406225292971235,0.17511455528788816,0.000776211041742858,54.05347996844068,0.001462011411591746,0.00025554377050385213,-0.020408163265306145,-1.6193841795372887,0.004137962327280809,0.1667,0.16666666666666663,7.93016446160826e-18,0.08330000000000001,1.1798934370493555,0.09999999999999998,0.016666666666666666,0.0,0.6666666666666666,0.08334
2024-04-17,TCS,0.3333333333333333,0.0,-0.0005070113554761502,0.00012732679854043916,-0.002406189143794424,0.0031859745834867947,101.47058,101.31586,0.1429404631306315,0.1608250550000833,0.00010995317021444961,52.39566572761228,0.00012732679854043916,-0.002406189143794424,0.0,-1.6193841795372887,0.0027988591392225093,0.25,0.25,0.08332857142857143,0.08329999999999999,1.5634451377565215,0.16666666666666666,0.0,0.0,1.0,0.16665999999999997
2024-04-18,TCS,0.0,0.3333333333333333,0.00015987841345355136,-0.001204351434085038,-0.00040736009942354823,0.0025175909869252777,101.44614,101.328585,0.14326898594368734,0.1517158988823326,0.00014423373226812863,52.88611903337928,-0.001204351434085038,-0.00040736009942354823,0.01967592592592582,-1.092082706870718,0.0014613708665209835,0.3333,0.0833333333333333,0.05952857142857143,-0.6666,-1.50588936033948,0.16666666666666666,0.06666666666666667,0.3333333333333333,0.6666666666666666,0.1
2024-04-19,TCS,0.0,0.25,0.0008268931709281002,-0.002533323630126816,0.0015948175834810119,0.0018500647473274068,101.39462,101.33795,0.13896396655248566,0.15172125930898867,0.0008787428599059677,55.443391394871256,-0.002533323630126816,0.0015948175834810119,0.03972758229284912,-0.006462027851307192,0.00012718506906428395,-0.3333,-0.08333333333333336,0.03571428571428571,0.08329999999999999,-1.1223376596323138,0.14999999999999997,0.11666666666666665,0.6666666666666666,0.3333333333333333,0.03334
2024-04-20,TCS,0.0,0.16666666666666666,0.0014936851134312867,0.0007980492130348349,0.003599297331797313,0.0011847231818393755,101.41081999999999,101.34396,0.1360065639755915,0.15894806301692327,0.0023142967770355405,59.70197487822895,0.0007980492130348349,0.003599297331797313,-0.04039301310043664,-1.1541181742432556,-0.00120399493987422,-0.25,-0.25,0.01190000000000001,0.08330000000000001,-0.7387859589251476,0.11666666666666665,0.15,0.6666666666666666,0.0,-0.033339999999999995
2024-04-21,TCS,0.0,0.08333333333333333,0.002159905885595892,0.004137962327280809,0.0056060234870156656,0.0051969160159413,101.49472,101.370275,0.1618992636041312,0.18736415675585208,0.00421844569327634,64.92957899365706,0.004137962327280809,0.0056060234870156656,-0.020477815699658675,-1.7124373805960955,-0.002533451082979088,-0.1667,-0.16666666666666666,-0.011899999999999992,0.08339999999999999,-0.3547738119986452,0.06666666666666665,0.16666666666666666,0.3333333333333333,0.0,-0.09999999999999999
2024-04-22,TCS,0.0,-0.0,-0.0018399200769366741,0.0027988591392225093,0.0029265423075366392,0.004525826274705214,101.55144,101.393165,0.1548612960038937,0.1873615847695505,0.0021444739396390133,58.01102542791723,0.0027988591392225093,0.0029265423075366392,0.0,-1.7124373805960955,0.000798145075415313,-0.0833,-0.08333333333333336,-0.035714285714285705,0.0833,0.02877788870852087,0.0,0.16666666666666666,0.0,0.0,-0.16665999999999997
2024-04-23,TCS,0.08333333333333333,0.0,-0.0011740901047726515,0.0014613708665209835,0.0002552594283371512,0.003854538404931107,101.58106000000001,101.41265000000001,0.15422902162406674,0.17532074816413198,0.0007755442738157647,54.05977713286257,0.0014613708665209835,0.0002552594283371512,0.019744483159117365,-1.1851359079295245,0.0041382857446894405,0.0,-1.850371707708594e-17,-0.05952857142857142,0.0833,0.412329589415687,0.016666666666666656,0.1,0.0,0.0,-0.08334
2024-04-24,TCS,0.16666666666666666,0.0,-0.0005064473506596334,0.00012718506906428395,-0.0024064607620033485,0.0031863857662901562,101.58363999999999,101.42876,0.14309367599973255,0.1610110077962619,0.00010983078172310812,52.40365368626602,0.00012718506906428395,-0.0024064607620033485,0.03986332574031892,-0.09951522891011381,0.002798701497142675,0.0833,0.08333333333333331,-0.08332857142857142,0.08339999999999999,0.7963417363421894,0.04999999999999999,0.05,0.0,0.3333333333333333,5.551115123125783e-18
2024-04-25,TCS,0.25,0.0,0.00016068627827903192,-0.00120399493987422,-0.00040690657405362263,0.002518742348171399,101.55918,101.441505,0.1434208879874768,0.15188855843742696,0.00014486180976902574,52.8964655109883,-0.00120399493987422,-0.00040690657405362263,-0.04052573932092007,-1.2471713753020623,,0.1667,0.16666666666666663,7.93016446160826e-18,0.08330000000000001,1.1798934370493555,0.09999999999999998,0.016666666666666666,0.0,0.6666666666666666,0.08334
2024-04-26,TCS,0.3333333333333333,0.0,0.0008259721929266828,-0.002533451082979088,0.0015940279191624107,0.00184997903357087,101.5076,101.45088,0.1391146385779452,0.1518922942503044,0.0008784546767854895,55.45030354713722,-0.002533451082979088,0.0015940279191624107,-0.020547945205479423,-1.805490581654902,,0.25,0.25,0.08332857142857143,0.08329999999999999,1.5634451377565215,0.16666666666666666,0.0,0.0,1.0,0.16665999999999997
2024-04-27,TCS,0.0,0.3333333333333333,0.0014939925152648303,0.000798145075415313,0.0035992381102765147,0.0011843885188154157,101.52382,101.456895,0.13615722978317413,0.1591258537827679,0.0023143326040087064,59.70897747942031,0.000798145075415313,0.0035992381102765147,0.0,-1.805490581654902,,0.3333,0.0833333333333333,0.05952857142857143,-0.6666,-1.50588936033948,0.16666666666666666,0.06666666666666667,0.3333333333333333,0.6666666666666666,0.1
2024-04-28,TCS,0.0,0.25,0.0021594682751886474,0.0041382857446894405,0.005605704181435023,0.005196060541798664,101.60781999999999,101.48323500000001,0.16207049357886016,0.18756986985904167,0.004218085873986865,64.93461928007267,0.0041382857446894405,0.005605704181435023,0.019813519813519864,-1.278189108988331,,-0.3333,-0.08333333333333336,0.03571428571428571,0.08329999999999999,-1.1223376596323138,0.14999999999999997,0.11666666666666665,0.6666666666666666,0.3333333333333333,0.03334
2024-04-29,TCS,0.0,0.16666666666666666,-0.0018398352292631204,0.002798701497142675,0.0029262425192502217,0.004525726925754592,101.66460000000001,101.50615,0.15502345198928363,0.18756440437744393,0.0021442050555555703,58.01581045040777,0.002798701497142675,0.0029262425192502217,0.040000000000000036,-0.19256842996892046,,-0.25,-0.25,0.01190000000000001,0.08330000000000001,-0.7387859589251476,0.11666666666666665,0.15,0.6666666666666666,0.0,-0.033339999999999995
